Names,AbsoluteError_1item_4secs,AbsoluteError_3items_4secs,Misbinding_Simple_1item_4secs,Misbinding_Simple_3items_4secs,Guessing_Simple_1item_4secs,Guessing_Simple_3items_4secs,Target_Simple_1item_4secs,Target_Simple_3items_4secs,IdentificationTime_1item_4secs,IdentificationTime_3items_4secs,LocalisationTime_1item_4secs,LocalisationTime_3items_4secs,ProportionCorrect_1item_4secs,ProportionCorrect_3items_4secs,Imprecision_Simple_1item_4secs,Imprecision_Simple_3items_4secs,
Short_Fractals1&3_Harmer_test010518_2018-05-01T20-06-52-245Z.mat,50.00914046,124.9272286,0,0.16387,0.117568421,0.22005,0.882431579,0.61608,1.908578947,2.2576,3.711210526,4.29695,0.95,1,50.00914046,79.63835466,01/05/2018
Short_Fractals1&3_Harmer_crftest_2018-05-30T13-48-25-035Z.mat,56.14740137,53.15966172,0,0.08612,0.05169,0.03723,0.94831,0.87665,1.32355,1.70235,2.8053,3.45995,1,1,56.14740137,49.7268884,30/05/2018
Short_Fractals1&3_Harmer_Murphy_101_2018-07-03T12-00-00-234Z.mat,37.1229225,214.4014923,0,0.330077778,0.079578947,0.230877778,0.920421053,0.439044444,1.297526316,4.173166667,3.355421053,6.651166667,0.95,0.9,37.1229225,71.63197125,03/07/2018
Short_Fractals1&3_Harmer_Murphy_201_2018-07-06T13-23-24-424Z.mat,22.69716657,99.23439777,0,0.09772,0.02276,0.06952,0.97724,0.83276,0.8439,2.079,3.12255,5.2676,1,1,22.69716657,55.43803827,06/07/2018
Short_Fractals1&3_Harmer_Murphy_102_2_2018-07-10T12-01-17-897Z.mat,60.57275134,167.0244012,0,0.259882353,0.105777778,0.107188235,0.894222222,0.632929412,0.720166667,1.492294118,1.444611111,2.606588235,0.9,0.85,60.57275134,59.12989266,10/07/2018
Short_Fractals1&3_Harmer_Murphy_103_2018-07-21T09-44-59-091Z.mat,40.60514803,188.5324722,0,0.275368421,0.106410526,0.132105263,0.893589474,0.592526316,1.127368421,2.863578947,2.570157895,4.776157895,0.95,0.95,40.60514803,51.71764283,21/07/2018
Short_Fractals1&3_Harmer_Murphy_104_2018-07-27T10-40-58-911Z.mat,49.05046432,145.4092442,0,0.199988235,0.1689,0.183435294,0.8311,0.616576471,1.28785,2.885470588,2.69045,4.699058824,1,0.85,49.05046432,67.21172025,27/07/2018
Short_Fractals1&3_Harmer_Murphy_204_2018-07-31T17-09-16-365Z.mat,59.03591296,148.8949497,0,0.259814286,0.1516,0.1811,0.8484,0.559085714,1.6668,2.554642857,2.82715,3.795857143,1,0.7,59.03591296,68.89145079,31/07/2018
Short_Fractals1&3_Harmer_Murphy_105_2018-08-03T15-24-25-994Z.mat,34.8440999,120.0239724,0,0.100431579,0.06849,0.095536842,0.93151,0.804031579,0.88145,2.519894737,2.22045,5.243578947,1,0.95,34.8440999,49.91270259,03/08/2018
Short_Fractals1&3_Harmer_Murphy_106_2018-08-07T13-11-32-262Z.mat,36.83576019,76.13836881,0,0.04772,0.01349,0.03854,0.98651,0.91374,1.21465,2.53085,4.1124,5.78245,1,1,36.83576019,49.67554227,07/08/2018
Short_Fractals1&3_Harmer_Murphy_206_2018-08-08T10-05-03-117Z.mat,40.69226702,52.5289662,0,0.080905263,0.04788,0.055463158,0.95212,0.863631579,1.2103,2.670789474,3.7079,5.848578947,1,0.95,40.69226702,46.14169735,08/08/2018
Short_Fractals1&3_Harmer_Murphy_209_2018-08-08T15-27-46-352Z.mat,35.53277626,158.6840511,0,0.335117647,0.08525,0.181141176,0.91475,0.483741176,0.9338125,2.153352941,2.0089375,3.260058824,0.8,0.85,35.53277626,67.96270605,08/08/2018
Short_Fractals1&3_Harmer_Murphy_107_2018-08-09T13-23-42-790Z.mat,86.86477429,162.071927,0,0.256364706,0.2153,0.157635294,0.7847,0.586,1.380333333,1.841647059,2.484166667,2.903470588,0.9,0.85,86.86477429,63.09226864,09/08/2018
Short_Fractals1&3_Harmer_Murphy_211_2018-08-09T11-21-44-109Z.mat,47.72398064,71.12208897,0,0.093377778,0.04408,0.048655556,0.95592,0.857966667,0.99135,2.104833333,2.468,3.914833333,1,0.9,47.72398064,56.48133224,09/08/2018
Short_Fractals1&3_Harmer_Murphy_108_2018-08-10T09-23-27-152Z.mat,26.82565678,44.30496374,0,0,0.00463,0.01595,0.99537,0.98405,1.03115,1.895,3.6339,4.15765,1,1,26.82565678,44.30496374,10/08/2018
Short_Fractals1&3_Harmer_Murphy_203_2018-08-15T10-45-26-458Z.mat,41.04960814,162.7803913,0,0.229952941,0.083244444,0.148752941,0.916755556,0.621294118,1.039444444,1.753411765,2.326777778,3.239823529,0.9,0.85,41.04960814,56.82236052,15/08/2018
Short_Fractals1&3_Harmer_Murphy_212_2018-08-17T12-32-03-384Z.mat,44.79681718,114.0023587,0,0.070944444,0,0.040166667,1,0.888888889,1.022,1.4365,2.94095,3.849833333,1,0.9,44.79681718,75.07754092,17/08/2018
Short_Fractals1&3_Harmer_Murphy_213_2018-08-17T08-52-09-387Z.mat,25.47611864,89.66770877,0,0.13449,0.040955556,0.07866,0.959044444,0.78685,1.448833333,3.27865,4.905888889,9.22805,0.9,1,25.47611864,42.03741754,17/08/2018
Short_Fractals1&3_Harmer_umd004_2018-08-22T21-08-33-255Z.mat,31.63900055,78.6497174,0,0.052631579,0.04001,0.055747368,0.95999,0.891621053,0.95925,1.776263158,2.60205,4.020105263,1,0.95,31.63900055,68.53736056,22/08/2018
Short_Fractals1&3_Harmer_Murphy_109_2018-08-23T12-23-50-397Z.mat,57.70288737,120.7830571,0,0.148115789,0.091388889,0.124052632,0.908611111,0.727831579,1.208277778,1.750473684,2.339166667,3.058736842,0.9,0.95,57.70288737,71.23941452,23/08/2018
Short_Fractals1&3_Harmer_Murphy_214_2018-08-25T10-20-34-837Z.mat,38.62293337,144.4512936,0,0.276082353,0.034021053,0.111835294,0.965978947,0.612082353,1.248052632,2.410647059,2.718052632,3.740352941,0.95,0.85,38.62293337,60.29091975,25/08/2018
Short_Fractals1&3_Harmer_Murphy_210_2018-08-30T17-19-46-849Z.mat,48.73647923,193.8619736,0,0.389258824,0.14148,0.212094118,0.85852,0.398647059,1.08655,2.335,3.22605,5.683588235,1,0.85,48.73647923,69.94204344,30/08/2018
Short_Fractals1&3_Harmer_Murphy_110_2018-08-31T15-47-55-122Z.mat,26.26369305,182.0536704,0,0.25842,0.04703,0.09204,0.95297,0.64954,1.20185,2.1691,2.75025,3.5962,1,1,26.26369305,45.90189492,31/08/2018
Short_Fractals1&3_Harmer_Murphy_111_2018-08-31T08-29-10-475Z.mat,30.87576159,59.88951973,0,0.093326316,0.0268,0.041452632,0.9732,0.865221053,1.08275,3.000947368,2.71435,4.857210526,1,0.95,30.87576159,37.42519889,31/08/2018
Short_Fractals1&3_Harmer_Murphy_207_2018-08-31T09-16-01-241Z.mat,32.90513232,82.08191608,0,0.08871,0.07004,0.14864,0.92996,0.76265,0.95145,1.8833,2.62025,4.52015,1,1,32.90513232,64.0961183,31/08/2018
Short_Fractals1&3_Harmer_Murphy_112_2018-09-14T08-32-50-062Z.mat,23.47557583,74.54820151,0,0.095410526,0.00919,0.041389474,0.99081,0.8632,0.97915,2.164526316,2.2872,3.669736842,1,0.95,23.47557583,45.19880099,14/09/2018
Short_Fractals1&3_Harmer_Murphy_216b_2018-09-14T12-45-27-861Z.mat,29.15173159,70.64375065,0,0.09764,0.04578,0.06721,0.95422,0.83515,0.90085,1.5679,2.2903,2.9977,1,1,29.15173159,48.17114497,14/09/2018
Short_Fractals1&3_Harmer_Murphy_217_2018-09-21T11-23-51-004Z.mat,27.12575932,158.0530403,0,0.238322222,0.04023,0.103222222,0.95977,0.658455556,1.13225,2.442166667,3.77345,5.244944444,1,0.9,27.12575932,47.16860866,21/09/2018
Short_Fractals1&3_Harmer_Murphy_218_2018-09-25T13-58-36-267Z.mat,49.91711858,72.60989845,0,0.1167875,0.13534,0.1622625,0.86466,0.72095,1.0229,2.870375,2.34845,4.2155625,1,0.8,49.91711858,59.79494459,25/09/2018
Short_Fractals1&3_Harmer_Murphy_219_2018-09-25T10-37-39-585Z.mat,34.93208477,162.6959302,0,0.189347368,0.03131,0.099863158,0.96869,0.710789474,1.1636,2.290157895,3.7609,6.040526316,1,0.95,34.93208477,59.25392559,25/09/2018
Short_Fractals1&3_Harmer_umd008_2018-09-26T21-45-07-991Z.mat,25.32872141,112.3774823,0,0.18632,0.02026,0.06211,0.97974,0.75157,0.98805,3.44745,2.958,5.86975,1,1,25.32872141,47.85900638,26/09/2018
Short_Fractals1&3_Harmer_Murphy_115_2018-10-02T12-32-26-937Z.mat,27.65516669,119.4185996,0,0.113275,0.095764706,0.133825,0.904235294,0.7529,0.818823529,1.0185625,2.040470588,2.4160625,0.85,0.8,27.65516669,42.92835158,02/10/2018
Short_Fractals1&3_Harmer_Murphy_221_2018-10-03T16-11-04-003Z.mat,47.83113508,111.480341,0,0.245544444,0.09894,0.207088889,0.90106,0.547366667,1.05755,2.084777778,2.81375,4.425444444,1,0.9,47.83113508,75.58730754,03/10/2018
Short_Fractals1&3_Harmer_umd009_2018-10-03T21-02-17-202Z.mat,34.15657014,184.2420267,0,0.276152941,0.045042105,0.1112,0.954957895,0.612647059,1.192105263,2.499352941,2.667684211,4.299235294,0.95,0.85,34.15657014,55.47219029,03/10/2018
Short_Fractals1&3_Harmer_Murphy_220_2018-10-05T09-20-00-463Z.mat,31.06665206,109.3608402,0,0.13016,0.023126316,0.10282,0.976873684,0.76702,1.077052632,2.036,3.157,3.7601,0.95,1,31.06665206,54.74843494,05/10/2018
Short_Fractals1&3_Harmer_Murphy_223_2018-10-10T13-41-49-140Z.mat,70.34458172,155.0243537,0,0.238873684,0.096070588,0.109526316,0.903929412,0.6516,0.934529412,2.173052632,1.962058824,3.460631579,0.85,0.95,70.34458172,63.60428683,10/10/2018
Short_Fractals1&3_Harmer_Murphy_119_2018-10-12T09-59-33-678Z.mat,50.74514072,143.1311211,0,0.235477778,0.10099,0.1327,0.89901,0.631822222,1.00635,1.639277778,2.73225,3.508,1,0.9,50.74514072,65.51947269,12/10/2018
Short_Fractals1&3_Harmer_Murphy_224_2018-10-12T09-24-26-774Z.mat,98.02039637,190.0230705,0,0.224514286,0.2293,0.138914286,0.7707,0.636571429,1.669277778,1.933785714,2.816388889,3.050714286,0.9,0.7,98.02039637,42.03410287,12/10/2018
Short_Fractals1&3_Harmer_Murphy_222_2018-10-16T14-22-17-060Z.mat,33.74463997,80.45813931,0,0.194444444,0.01137,0.088022222,0.98863,0.717533333,0.86615,1.5385,2.5501,3.160333333,1,0.9,33.74463997,62.83615829,16/10/2018
Short_Fractals1&3_Harmer_Murphy_116_2018-10-17T15-08-42-220Z.mat,18.91501207,101.7649341,0,0.187,0.10063,0.188822222,0.89937,0.624177778,1.42625,3.735444444,3.38785,5.375944444,1,0.9,18.91501207,36.82897448,17/10/2018
Short_Fractals1&3_Harmer_Murphy_225_2018-10-17T13-10-40-591Z.mat,39.34046843,165.1631779,0,0.262947368,0.12966,0.174694737,0.87034,0.562357895,0.84445,2.053157895,2.25635,4.271947368,1,0.95,39.34046843,49.26488326,17/10/2018
Short_Fractals1&3_Harmer_Murphy_228_2018-10-18T11-20-42-139Z.mat,69.76882134,188.1634602,0,0.29131,0.207494737,0.28567,0.792505263,0.42302,0.907473684,2.4231,1.902,3.41005,0.95,1,69.76882134,82.33768147,18/10/2018
Short_Fractals1&3_Harmer_trd002_2018-10-18T20-59-55-241Z.mat,32.70417352,85.56919593,0,0.052631579,0,0.042652632,1,0.904715789,1.22715,3.189842105,3.91915,5.579894737,1,0.95,32.70417352,60.4716104,18/10/2018
Short_Fractals1&3_Harmer_Murphy_227_2018-11-01T16-03-49-223Z.mat,33.53301469,199.2428998,0,0.301422222,0.03186,0.289088889,0.96814,0.409488889,0.9979,2.079888889,2.1824,3.447722222,1,0.9,33.53301469,102.0247866,01/11/2018
Short_Fractals1&3_Harmer_TRD006_2018-11-09T23-13-56-036Z.mat,40.58703961,128.1156909,0,0.2843,0.033368421,0.080888889,0.966631579,0.634811111,1.175684211,2.620444444,3.205157895,4.968777778,0.95,0.9,40.58703961,62.62095747,09/11/2018
Short_Fractals1&3_Harmer_trd005_2018-11-12T19-16-23-884Z.mat,66.80558678,99.72426941,0,0.09761,0.02637,0.0227,0.97363,0.87969,1.0535,1.68625,2.2652,3.2586,1,1,66.80558678,58.28114952,12/11/2018
Short_Fractals1&3_Harmer_UMD04_2018-11-27T12-14-12-253Z.mat,79.48619683,206.5476794,0,0.281435294,0.203821053,0.194282353,0.796178947,0.524282353,1.979368421,1.901411765,3.307052632,3.317176471,0.95,0.85,79.48619683,76.1044699,27/11/2018
Short_Fractals1&3_Harmer_umd016_2018-11-28T15-23-02-703Z.mat,44.45265289,109.6853549,0,0.149533333,0.08093,0.133255556,0.91907,0.717211111,0.841,1.999888889,2.22075,3.356722222,1,0.9,44.45265289,67.99521371,28/11/2018
Short_Fractals1&3_Harmer_UMD020_2018-12-17T08-50-05-030Z.mat,31.36763152,44.73450651,0,0.052631579,0,0.004578947,1,0.942789474,1.1734,2.733789474,3.05975,4.980578947,1,0.95,31.36763152,33.7352446,17/12/2018
Short_Fractals1&3_Harmer_UMD021_2018-12-18T08-23-16-766Z.mat,58.07259202,173.4533127,0,0.262211765,0.127031579,0.117270588,0.872968421,0.620517647,1.482315789,3.246117647,3.793315789,6.437411765,0.95,0.85,58.07259202,59.31686469,18/12/2018
Short_Fractals1&3_Harmer_UMD023_2019-01-09T08-21-31-599Z.mat,40.35389216,53.93574236,0,0.047711111,0.02726,0.061566667,0.97274,0.890722222,1.05055,1.800222222,3.0975,4.123055556,1,0.9,40.35389216,53.83228374,09/01/2019
Short_Fractals1&3_Harmer_umd018_2019-01-15T16-24-49-617Z.mat,45.12852839,53.11521633,0,0.050021053,0.08064,0.086315789,0.91936,0.863663158,1.04195,2.362210526,2.6337,4.175789474,1,0.95,45.12852839,44.30385901,15/01/2019
Short_Fractals1&3_Harmer_um028_2019-02-12T11-49-50-313Z.mat,43.77763355,50.28364082,0,0.04561,0.04538,0.03556,0.95462,0.91883,1.69185,2.09215,3.1178,4.1508,1,1,43.77763355,48.69786904,12/02/2019
Short_Fractals1&3_Harmer_trd016_2019-02-14T15-17-54-387Z.mat,25.97914065,96.25449293,0,0.102821053,0.00429,0.038326316,0.99571,0.858852632,1.27335,2.443842105,3.2245,4.371368421,1,0.95,25.97914065,53.16154945,14/02/2019
Short_Fractals1&3_Harmer_trd015_2019-02-18T15-10-14-150Z.mat,49.9861633,222.3376128,0,0.320533333,0.03841,0.162811111,0.96159,0.516655556,1.0797,1.564555556,2.69465,3.191166667,1,0.9,49.9861633,94.65469245,18/02/2019
Short_Fractals1&3_Harmer_umd031_2019-02-20T15-50-26-452Z.mat,30.42372819,125.1812769,0,0.12049,0,0.07206,1,0.80745,1.2783,2.10545,2.8063,3.754,1,1,30.42372819,80.36672379,20/02/2019
Short_Fractals1&3_Harmer_trd017_2019-02-28T14-57-51-180Z.mat,33.095567,148.1772173,0,0.224978947,0.118242105,0.152947368,0.881757895,0.622073684,0.859473684,1.290263158,2.758315789,3.238473684,0.95,0.95,33.095567,45.69214558,28/02/2019
Short_Fractals1&3_Harmer_trd021_2019-03-04T15-07-32-230Z.mat,25.60785874,65.4893195,0,0.05,0.02505,0.04411,0.97495,0.90589,0.75555,1.55445,1.79015,2.9655,1,1,25.60785874,47.86231162,04/03/2019
Short_Fractals1&3_Harmer_umd035_2019-03-12T09-03-12-441Z.mat,33.0129561,122.080125,0,0.131633333,0.05908,0.109566667,0.94092,0.7588,0.8756,2.016611111,2.2822,4.445777778,1,0.9,33.0129561,54.04243407,12/03/2019
Short_Fractals1&3_Harmer_Murphy_117_2019-03-13T17-24-23-775Z.mat,39.04075067,93.51724682,0,0.194844444,0.09344,0.112088889,0.90656,0.693066667,1.01305,2.072388889,2.83705,4.200555556,1,0.9,39.04075067,46.84855583,13/03/2019
Short_Fractals1&3_Harmer_Murphy_123_2019-03-13T15-35-20-932Z.mat,36.63366815,108.9089358,0,0.0953,0.0408,0.05667,0.9592,0.84803,1.14065,2.16265,2.4758,4.0527,1,1,36.63366815,51.50195905,13/03/2019
Short_Fractals1&3_Harmer_trd023_2019-03-14T14-34-20-303Z.mat,43.86924751,98.75666472,0,0.191977778,0.03141,0.090533333,0.96859,0.717488889,1.16935,2.069277778,3.57505,4.728444444,1,0.9,43.86924751,59.70300854,14/03/2019
Short_Fractals1&3_Harmer_trd018_2019-03-20T11-26-11-987Z.mat,20.69840072,191.4511588,0,0.2222,0.02551,0.147357895,0.97449,0.630442105,0.9466,1.680210526,2.1304,2.737894737,1,0.95,20.69840072,71.43680592,20/03/2019
Short_Fractals1&3_Harmer_umd039_2019-03-21T09-34-28-910Z.mat,45.26942058,150.6583381,0,0.166752941,0.142744444,0.223270588,0.857255556,0.609976471,1.064,1.991764706,3.320777778,4.290823529,0.9,0.85,45.26942058,70.28847306,21/03/2019
Short_Fractals1&3_Harmer_UCB2_001_2019-03-26T10-59-14-752Z.mat,48.38490334,136.5650308,0,0.180389474,0.02825,0.129242105,0.97175,0.690368421,1.4216,3.434105263,3.0318,5.292526316,1,0.95,48.38490334,72.86706463,26/03/2019
Short_Fractals1&3_Harmer_124_2019-03-28T10-49-26-746Z.mat,34.16869966,78.68509472,0,0.138388889,0.03281,0.113588889,0.96719,0.748022222,0.9205,2.025,2.43875,3.862333333,1,0.9,34.16869966,61.40241585,28/03/2019
Short_Fractals1&3_Harmer_TRD024_2019-03-28T14-37-56-517Z.mat,40.97193653,139.1757657,0,0.267378947,0.074873684,0.110463158,0.925126316,0.622157895,1.352736842,2.549105263,3.059894737,4.055105263,0.95,0.95,40.97193653,52.55906705,28/03/2019
Short_Fractals1&3_Harmer_UCB2_002_2019-04-01T10-05-53-091Z.mat,50.61193142,184.9164928,0,0.23956,0.216673684,0.212533333,0.783326316,0.547906667,2.134157895,2.652866667,6.413,7.7662,0.95,0.75,50.61193142,57.9941108,01/04/2019
Short_Fractals1&3_Harmer_Murphy_118_2019-04-02T13-43-54-266Z.mat,27.72606043,127.3353183,0,0.1732375,0.05999,0.179075,0.94001,0.6476875,1.16595,2.5131875,2.64855,4.0301875,1,0.8,27.72606043,60.09328355,02/04/2019
Short_Fractals1&3_Harmer_trd019_2019-04-02T09-52-46-051Z.mat,40.11747794,123.3321643,0,0.145357895,0.023888889,0.061052632,0.976111111,0.793589474,1.221055556,2.336684211,2.823388889,4.295421053,0.9,0.95,40.11747794,53.00686063,02/04/2019
Short_Fractals1&3_Harmer_TRD022_2019-04-04T13-36-57-589Z.mat,33.84306936,87.85739227,0,0.106033333,0.02338,0.064133333,0.97662,0.829833333,0.95645,2.042777778,2.4007,4.035666667,1,0.9,33.84306936,56.31726089,04/04/2019
Short_Fractals1&3_Harmer_UCB2_004_2019-04-04T10-30-34-547Z.mat,89.72962383,208.0862461,0,0.239826667,0.290989474,0.330253333,0.709010526,0.42992,2.945526316,4.174533333,8.907421053,10.0708,0.95,0.75,89.72962383,98.20335075,04/04/2019
Short_Fractals1&3_Harmer_umd012_2019-04-08T09-08-29-154Z.mat,43.91900188,115.2708455,0,0.152211111,0.08658,0.102588889,0.91342,0.7452,0.88925,2.130333333,2.1185,3.484611111,1,0.9,43.91900188,51.60697491,08/04/2019
Short_Fractals1&3_Harmer_TRD027_2019-04-15T14-05-11-376Z.mat,35.86507923,87.76628837,0,0.052631579,0.005063158,0.041221053,0.994936842,0.906147368,0.899578947,2.057052632,2.264315789,3.647578947,0.95,0.95,35.86507923,55.41277536,15/04/2019
Short_Fractals1&3_Harmer_UCB2_001-2_2019-04-15T09-55-16-877Z.mat,48.26245109,212.3564173,0,0.270652632,0.198094737,0.237178947,0.801905263,0.492168421,1.252631579,3.013315789,2.822,4.849631579,0.95,0.95,48.26245109,63.45942832,15/04/2019
Short_Fractals1&3_Harmer_UCB2_002-RV2-secondattempt_2019-04-17T09-58-47-552Z.mat,42.2986874,232.4024134,0,0.361426667,0.15008,0.273333333,0.84992,0.36524,1.67875,2.7422,5.28765,6.4956,1,0.75,42.2986874,66.8630097,17/04/2019
Short_Fractals1&3_Harmer_umd044_2019-04-18T13-19-52-974Z.mat,21.09831383,129.7982934,0,0.18593,0.04071,0.0907,0.95929,0.72337,1.1944,2.2611,3.11025,3.9786,1,1,21.09831383,36.93893801,18/04/2019
Short_Fractals1&3_Harmer_UCB2_004-2_2019-04-25T10-03-32-066Z.mat,84.20521746,203.1742371,0,0.329242857,0.310157895,0.355142857,0.689842105,0.315614286,1.555894737,2.392214286,4.888789474,5.436,0.95,0.7,84.20521746,99.39060894,25/04/2019
Short_Fractals1&3_Harmer_Murphy_125_2019-04-26T16-27-33-722Z.mat,74.34019618,95.41089443,0,0.143210526,0.157368421,0.110378947,0.842631579,0.746410526,1.219789474,2.415947368,3.081052632,4.383578947,0.95,0.95,74.34019618,52.87157219,26/04/2019
Short_Fractals1&3_Harmer_UCB2_008-2_2019-04-30T08-15-27-381Z.mat,41.60930882,124.6399001,0,0.197066667,0.03898,0.078188889,0.96102,0.724744444,1.34875,2.286,3.8167,4.873555556,1,0.9,41.60930882,60.92030816,30/04/2019
Short_Fractals1&3_Harmer_Murphy_231_2019-05-01T12-51-45-881Z.mat,41.98409793,184.6324343,0,0.241922222,0.093955556,0.197577778,0.906044444,0.5605,1.664555556,1.615222222,2.833055556,2.839944444,0.9,0.9,41.98409793,78.2637918,01/05/2019
Short_Fractals1&3_Harmer_UCB2_009-1_2019-05-01T08-49-37-498Z.mat,43.18375259,109.4331877,0,0.129515789,0.06895,0.135831579,0.93105,0.734652632,1.02745,2.428315789,2.96975,5.260368421,1,0.95,43.18375259,75.18498659,01/05/2019
Short_Fractals1&3_Harmer_UCB2_010_2019-05-02T08-06-21-608Z.mat,44.50423046,121.1772964,0,0.127042857,0.1093,0.1941,0.8907,0.678857143,1.016166667,1.8285,3.302611111,4.032857143,0.9,0.7,44.50423046,67.0626492,02/05/2019
Short_Fractals1&3_Harmer_UCB2_013_1_2019-05-07T10-41-57-712Z.mat,43.47843668,176.0562877,0,0.32756,0.12321,0.13256,0.87679,0.53988,1.27575,2.240733333,4.829,6.543933333,1,0.75,43.47843668,48.59730304,07/05/2019
Short_Fractals1&3_Harmer_Murphy_230_2019-05-09T14-34-30-754Z.mat,49.13230325,122.8377827,0,0.222421053,0.22696,0.181147368,0.77304,0.596431579,0.9824,2.060263158,2.23465,3.401473684,1,0.95,49.13230325,37.27661584,09/05/2019
Short_Fractals1&3_Harmer_UCB2_011_2019-05-09T10-07-05-331Z.mat,43.46900922,138.8372435,0,0.27675,0.03364,0.0849375,0.96636,0.6383125,1.79705,3.371625,4.0756,5.9579375,1,0.8,43.46900922,66.53805793,09/05/2019
Short_Fractals1&3_Harmer_UCB2_018_2019-05-10T09-59-08-358Z.mat,51.1949676,147.9825923,0,0.227488889,0.19006,0.252244444,0.80994,0.520266667,1.3646,2.474388889,4.02705,5.202722222,1,0.9,51.1949676,69.51353147,10/05/2019
Short_Fractals1&3_Harmer_UCB2_008_2_2019-05-14T08-35-22-636Z.mat,39.42087645,102.6769103,0,0.102810526,0.06838,0.113957895,0.93162,0.783231579,1.3758,2.851631579,3.53775,4.832894737,1,0.95,39.42087645,66.07904837,14/05/2019
Short_Fractals1&3_Harmer_UCB2_007_1_2019-05-15T09-43-42-827Z.mat,34.84169003,98.87524169,0,0.1493,0.07635,0.108466667,0.92365,0.742233333,1.09455,1.886388889,4.4402,5.959444444,1,0.9,34.84169003,49.01694888,15/05/2019
Short_Fractals1&3_Harmer_UCB2_023_1_2019-05-16T09-37-27-766Z.mat,54.47163763,171.6457856,0,0.2475,0.113442105,0.188944444,0.886557895,0.563555556,1.152789474,3.159888889,3.195736842,6.539277778,0.95,0.9,54.47163763,81.78866852,16/05/2019
Short_Fractals1&3_Harmer_UCB2_10-2_2019-05-16T08-07-11-757Z.mat,31.97336356,66.85528891,0,0.09579,0.05454,0.07975,0.94546,0.82446,1.0805,1.83715,3.12755,3.89545,1,1,31.97336356,43.99217221,16/05/2019
Short_Fractals1&3_Harmer_Murphy_127_2019-05-17T15-40-28-194Z.mat,38.01632479,79.78260312,0,0.058823529,0.04101,0.049388235,0.95899,0.891788235,1.9893,3.017294118,6.81385,8.444529412,1,0.85,38.01632479,47.01644065,17/05/2019
Short_Fractals1&3_Harmer_Murphy_232_2019-05-17T12-47-33-573Z.mat,48.66618982,97.4837995,0,0.096084211,0.108694737,0.160326316,0.891305263,0.743589474,1.341631579,2.670789474,3.090157895,4.541842105,0.95,0.95,48.66618982,69.25010401,17/05/2019
Short_Fractals1&3_Harmer_UCB2_009_2_2019-05-17T08-49-12-912Z.mat,67.92839672,84.66429382,0,0.088031579,0.0986,0.101,0.9014,0.810968421,1.9668,1.724789474,3.8846,3.704473684,1,0.95,67.92839672,58.23272692,17/05/2019
Short_Fractals1&3_Harmer_umd050_2019-05-17T09-43-07-533Z.mat,55.34373061,75.48901673,0,0,0.0973,0.185533333,0.9027,0.814466667,1.1743125,1.069733333,2.4475625,2.3006,0.8,0.75,55.34373061,75.48901673,17/05/2019
Short_Fractals1&3_Harmer_UCB2_017_1_2019-05-21T10-06-53-492Z.mat,94.47283572,209.3519717,0,0.358566667,0.30338,0.117944444,0.69662,0.523488889,1.34075,2.2525,3.924,4.490888889,1,0.9,94.47283572,53.59435465,21/05/2019
Short_Fractals1&3_Harmer_UCB2_012-1_2019-05-22T08-58-04-922Z.mat,28.80446386,92.03066246,0,0.155,0.03867,0.080129412,0.96133,0.764870588,1.35955,1.946823529,4.06225,5.388,1,0.85,28.80446386,50.36591633,22/05/2019
Short_Fractals1&3_Harmer_UCB2_020-1_2019-05-22T09-30-03-905Z.mat,49.35318865,203.1209267,0,0.285136842,0.1022,0.207263158,0.8978,0.5076,1.79975,2.663368421,3.69665,4.747842105,1,0.95,49.35318865,77.17863218,22/05/2019
Short_Fractals1&3_Harmer_UCB2_011-2_2019-05-23T10-56-48-602Z.mat,118.622231,218.7610466,0,0.347482353,0.231894737,0.270541176,0.768105263,0.381976471,3.945789474,3.056470588,6.622473684,5.989823529,0.95,0.85,118.622231,108.8497292,23/05/2019
Short_Fractals1&3_Harmer_UCB2_019_1_2019-05-23T10-18-22-746Z.mat,41.16574547,127.5736437,0,0.22505,0.08106,0.10752,0.91894,0.66743,1.0996,3.2741,2.86755,5.488,1,1,41.16574547,58.19221651,23/05/2019
Short_Fractals1&3_Harmer_UCB2_018-02_2019-05-24T09-55-41-277Z.mat,36.7922482,141.9259938,0,0.207022222,0.04585,0.1462,0.95415,0.646777778,1.1032,2.297833333,3.6999,5.2845,1,0.9,36.7922482,68.63003124,24/05/2019
Short_Fractals1&3_Harmer_UCB2_007_002_2019-05-29T09-57-56-388Z.mat,30.52274732,52.67604763,0,0.09787,0.04353,0.05308,0.95647,0.84905,1.04355,1.5694,3.67905,4.63155,1,1,30.52274732,41.72623097,29/05/2019
Short_Fractals1&3_Harmer_UCB2_013_2_2019-05-31T10-47-10-926Z.mat,47.3868354,234.5021773,0,0.2991375,0.19314,0.22615,0.80686,0.4747125,1.3603,2.2131875,4.95245,5.7789375,1,0.8,47.3868354,51.36383291,31/05/2019
Short_Fractals1&3_Harmer_UCB2_025-1_2019-05-31T10-39-28-253Z.mat,50.52233651,145.3713417,0,0.232011765,0.16134,0.213176471,0.83866,0.554811765,1.42555,2.399411765,4.6975,6.995882353,1,0.85,50.52233651,69.93932754,31/05/2019
Short_Fractals1&3_Harmer_umd054_2019-05-31T08-40-43-559Z.mat,33.2383961,95.43807764,0,0.236810526,0.04695,0.103063158,0.95305,0.660126316,1.3337,1.953526316,3.1065,4.113,1,0.95,33.2383961,50.42962514,31/05/2019
Short_Fractals1&3_Harmer_UCB2_012-2_2019-06-03T08-51-49-474Z.mat,24.03153598,141.0513903,0,0.200905882,0.08347,0.166952941,0.91653,0.632141176,1.2988,1.749411765,3.91545,5.298529412,1,0.85,24.03153598,47.1597244,03/06/2019
Short_Fractals1&3_Harmer_UCB2_022-1_2019-06-03T08-30-38-544Z.mat,48.658629,128.3872772,0,0.101258824,0.07346,0.152341176,0.92654,0.7464,1.1026,2.267882353,2.1993,3.647176471,1,0.85,48.658629,73.13202706,03/06/2019
Short_Fractals1&3_Harmer_trd029_2019-06-03T10-20-39-685Z.mat,55.43802995,242.4676358,0,0.3136,0.16057,0.227389474,0.83943,0.459010526,1.32995,1.626684211,2.516,2.850157895,1,0.95,55.43802995,69.35271059,03/06/2019
Short_Fractals1&3_Harmer_UCB2_017_2_2019-06-04T10-41-06-362Z.mat,87.64335884,114.2001105,0,0.225178947,0.19684,0.125010526,0.80316,0.649810526,1.29415,1.920368421,3.467,4.315526316,1,0.95,87.64335884,63.1992349,04/06/2019
Short_Fractals1&3_Harmer_056_2019-06-05T09-08-21-650Z.mat,42.03440181,119.0888255,0,0.224322222,0.09561,0.197433333,0.90439,0.578244444,1.1438,2.930222222,2.63185,4.842888889,1,0.9,42.03440181,73.53648089,05/06/2019
Short_Fractals1&3_Harmer_UCB2_019_2_2019-06-06T10-12-34-338Z.mat,33.27182022,139.5746406,0,0.183168421,0.13134,0.213926316,0.86866,0.602905263,1.1936,2.856052632,3.5691,5.671684211,1,0.95,33.27182022,70.85352017,06/06/2019
Short_Fractals1&3_Harmer_umd053_2019-06-06T11-26-33-405Z.mat,112.079194,274.4386496,0,0.3384,0.394888889,0.382626667,0.605111111,0.278973333,1.398722222,1.868933333,5.060333333,4.891333333,0.9,0.75,112.079194,112.0499424,06/06/2019
Short_Fractals1&3_Harmer_umd057_2019-06-10T11-00-36-078Z.mat,32.47106897,64.7740277,0,0.053111111,0.024884211,0.070855556,0.975115789,0.876033333,0.839736842,2.522888889,2.529368421,5.142722222,0.95,0.9,32.47106897,59.54367462,10/06/2019
Short_Fractals1&3_Harmer_UCB2_023-2_2019-06-12T09-43-57-998Z.mat,39.33097822,149.0694698,0,0.1541625,0.04948,0.2392625,0.95052,0.606575,1.1501,2.5093125,3.17525,5.1265625,1,0.8,39.33097822,96.20005719,12/06/2019
Short_Fractals1&3_Harmer_umd055_2019-06-12T08-48-05-627Z.mat,47.87161033,98.54143169,0,0.267315789,0.172,0.147,0.828,0.585684211,0.97095,3.351789474,2.4823,5.878421053,1,0.95,47.87161033,46.24528342,12/06/2019
Short_Fractals1&3_Harmer_UCB2_025-2_2019-06-14T11-22-22-561Z.mat,45.89625331,202.7026934,0,0.338447059,0.11404,0.166588235,0.88596,0.494964706,1.26205,2.685352941,4.79575,6.013823529,1,0.85,45.89625331,67.92375601,14/06/2019
Short_Fractals1&3_Harmer_UCB2_20_2_2019-06-14T09-12-47-637Z.mat,64.57735062,218.8695974,0,0.330144444,0.24171,0.268888889,0.75829,0.400966667,1.7618,3.06,3.71805,5.325055556,1,0.9,64.57735062,78.81462338,14/06/2019
Short_Fractals1&3_Harmer_UCB2_022-2_2019-06-17T08-56-18-435Z.mat,35.08566462,155.5399723,0,0.2285,0.08673,0.114675,0.91327,0.656825,1.0226,1.8421875,2.59765,3.764125,1,0.8,35.08566462,47.98053844,17/06/2019
Short_Fractals1&3_Harmer_umd058_2019-06-17T11-40-22-801Z.mat,61.72141555,119.6409035,0,0.184747368,0.097863158,0.083084211,0.902136842,0.732168421,0.948105263,2.058631579,1.966684211,3.524421053,0.95,0.95,61.72141555,63.69353688,17/06/2019
Short_Fractals1&3_Harmer_umd066_2019-06-17T08-56-54-636Z.mat,27.72987322,119.4456877,0,0.192305882,0.02273,0.0848,0.97727,0.722894118,1.40295,1.963705882,3.3297,4.825470588,1,0.85,27.72987322,64.74180815,17/06/2019
Short_Fractals1&3_Harmer_umd059_2019-06-26T11-42-25-643Z.mat,21.31135698,103.1040939,0,0.100788889,0.066694737,0.173222222,0.933305263,0.725988889,1.024157895,2.140555556,3.385947368,4.507222222,0.95,0.9,21.31135698,59.71175012,26/06/2019
Short_Fractals1&3_Harmer_umd065_2019-07-08T09-11-38-819Z.mat,28.39475158,75.47505371,0,0.103588889,0.097842105,0.074588889,0.902157895,0.821822222,0.922052632,1.5705,2.252631579,2.905166667,0.95,0.9,28.39475158,25.27952737,08/07/2019
Short_Fractals1&3_Harmer_TRD032_2019-07-09T12-04-39-953Z.mat,35.12326596,101.9092688,0,0.09574,0.04498,0.05808,0.95502,0.84618,1.34805,2.75065,3.59395,5.71515,1,1,35.12326596,38.85589879,09/07/2019
Short_Fractals1&3_Harmer_UCB2_026_02_2019-07-19T10-38-47-555Z.mat,81.04038897,172.1973141,0,0.293810526,0.20034,0.1946,0.79966,0.511589474,2.04625,1.552789474,4.064,3.675842105,1,0.95,81.04038897,59.72383477,19/07/2019
Short_Fractals1&3_Harmer_trd036_2019-07-19T15-14-03-568Z.mat,24.1443193,64.08379597,0,0.1586125,0.04395,0.0753375,0.95605,0.76605,0.9453,2.005625,3.7068,4.663375,1,0.8,24.1443193,39.79655947,19/07/2019
Short_Fractals1&3_Harmer_umd062_2019-07-19T06-35-49-191Z.mat,39.81487506,74.90994155,0,0.138733333,0.008989474,0.038466667,0.991010526,0.8228,1.061894737,1.771555556,2.789263158,3.751555556,0.95,0.9,39.81487506,43.90219921,19/07/2019
Short_Fractals1&3_Harmer_umd040_2019-07-31T07-40-31-460Z.mat,54.16720997,177.3722443,0,0.221825,0.13137,0.158575,0.86863,0.6196,1.291,2.1480625,3.57115,4.6819375,1,0.8,54.16720997,66.40949678,31/07/2019
Short_Fractals1&3_Harmer_trd025_2019-08-07T14-54-49-100Z.mat,59.24283217,118.5905803,0,0.189473684,0.076452632,0.118484211,0.923547368,0.692042105,1.361842105,4.067263158,6.504947368,8.911368421,0.95,0.95,59.24283217,57.31997371,07/08/2019
Short_Fractals1&3_Harmer_umd070_2019-08-13T10-48-18-325Z.mat,43.33302977,218.9706021,0,0.31185,0.12182,0.3183875,0.87818,0.3697625,0.8926,1.53125,2.46535,2.863375,1,0.8,43.33302977,87.9353493,13/08/2019
Short_Fractals1&3_Harmer_umd073_2019-08-21T11-07-04-294Z.mat,58.92234331,152.2632018,0,0.207311111,0.119210526,0.0912,0.880789474,0.701488889,0.841526316,2.078222222,2.038842105,3.512333333,0.95,0.9,58.92234331,55.51476564,21/08/2019
Short_Fractals1&3_Harmer_UCB2_27_1_2019-08-22T10-35-19-933Z.mat,53.88081981,138.1985838,0,0.141168421,0.104631579,0.094978947,0.895368421,0.763852632,1.712631579,4.015157895,4.340052632,7.168368421,0.95,0.95,53.88081981,52.68568917,22/08/2019
Short_Fractals1&3_Harmer_UCB2_27m10_2_2019-09-05T10-04-50-654Z.mat,45.12553725,158.0642562,0,0.296578947,0.06556,0.136768421,0.93444,0.566652632,1.32845,4.206578947,3.82945,7.350842105,1,0.95,45.12553725,61.30087092,05/09/2019
Short_Fractals1&3_Harmer_umd069b_2019-09-12T12-04-36-601Z.mat,48.08582212,134.5273242,0,0.1533625,0.11428,0.1412125,0.88572,0.705425,0.9934,2.3440625,2.08165,3.587,1,0.8,48.08582212,57.38007738,12/09/2019
Short_Fractals1&3_Harmer_umd079_2019-09-18T07-25-04-473Z.mat,38.92913017,66.68477067,0,0.131021053,0.02282,0.046263158,0.97718,0.822715789,0.8361,1.537789474,2.3134,3.695684211,1,0.95,38.92913017,56.56514309,18/09/2019
Short_Fractals1&3_Harmer_UCB2_30_2019-09-19T10-16-07-850Z.mat,42.96101458,187.9530413,0,0.372925,0.213821053,0.22075,0.786178947,0.406325,1.235684211,2.2154375,2.723736842,3.79775,0.95,0.8,42.96101458,46.87259433,19/09/2019
Short_Fractals1&3_Harmer_umd078_2019-09-19T14-17-27-746Z.mat,116.7760124,205.9325435,0,0.304070588,0.1842,0.187741176,0.8158,0.508188235,2.6421,1.860294118,3.97725,3.435176471,1,0.85,116.7760124,74.06221104,19/09/2019
Short_Fractals1&3_Harmer_UCB2_032_2019-10-02T10-02-23-334Z.mat,72.88065637,246.1400353,0,0.4017125,0.24633,0.2523125,0.75367,0.345975,1.8687,3.9501875,4.316,6.5398125,1,0.8,72.88065637,80.84689537,02/10/2019
Short_Fractals1&3_Harmer_UCB2_028-1_2019-10-03T10-03-06-810Z.mat,63.51605605,112.602503,0,0.202835294,0.08673,0.094494118,0.91327,0.702670588,1.43875,2.843529412,4.2794,5.946235294,1,0.85,63.51605605,63.74513792,03/10/2019
Short_Fractals1&3_Harmer_UCB2_30-m11-2_2019-10-04T09-26-56-095Z.mat,47.5285374,127.7377394,0,0.159371429,0.155926316,0.185885714,0.844073684,0.654742857,1.119631579,2.3115,2.305,3.582428571,0.95,0.7,47.5285374,58.79856542,04/10/2019
Short_Fractals1&3_Harmer_UCB2_34_1_2019-10-08T09-57-41-626Z.mat,35.10467575,130.8067605,0,0.143852632,0.03419,0.084768421,0.96581,0.771378947,1.138,2.240526316,2.5992,4.344105263,1,0.95,35.10467575,56.22907931,08/10/2019
Short_Fractals1&3_Harmer_UCB2_033-RV2_2019-10-11T09-01-37-798Z.mat,69.55352877,322.2241925,0,0.424333333,0.19647,0.243373333,0.80353,0.332293333,1.5059,2.704133333,3.66625,4.643933333,1,0.75,69.55352877,90.19005605,11/10/2019
Short_Fractals1&3_Harmer_UCB2_36_1_2019-10-11T10-11-23-361Z.mat,60.71920029,146.9598694,0,0.177147368,0.15923,0.199126316,0.84077,0.623726316,1.18375,2.351789474,3.13335,4.378,1,0.95,60.71920029,83.08933925,11/10/2019
Short_Fractals1&3_Harmer_UCB2_032-2_2019-10-16T08-29-04-157Z.mat,67.96059947,268.8436172,0,0.47492,0.3239,0.247986667,0.6761,0.277093333,2.0463,2.882866667,4.4381,5.507066667,1,0.75,67.96059947,56.61099439,16/10/2019
Short_Fractals1&3_Harmer_trd041_2019-10-16T11-15-59-068Z.mat,32.39942922,53.34592511,0,0,0.00246,0.02962,0.99754,0.97038,0.8519,1.55655,2.5417,3.3428,1,1,32.39942922,53.34592511,16/10/2019
Short_Fractals1&3_Harmer_UCB2_39_1_2019-10-17T10-07-13-564Z.mat,30.14877016,105.1349789,0,0.097947368,0.05416,0.090726316,0.94584,0.811326316,1.0425,2.152315789,3.0209,4.220473684,1,0.95,30.14877016,50.08136212,17/10/2019
Short_Fractals1&3_Harmer_TRD033_2019-10-18T11-37-50-049Z.mat,71.18593132,168.6850762,0,0.258015385,0.179526316,0.159538462,0.820473684,0.582446154,1.420947368,2.074923077,4.003894737,4.583307692,0.95,0.65,71.18593132,69.75540137,18/10/2019
Short_Fractals1&3_Harmer_UCB2_028-2_2019-10-18T09-45-47-118Z.mat,43.69540936,95.34438972,0,0.0999,0.11514,0.134825,0.88486,0.765275,1.0861,2.182375,3.3962,4.784875,1,0.8,43.69540936,51.46624914,18/10/2019
Short_Fractals1&3_Harmer_UCB2_38_1_2019-10-23T10-04-02-389Z.mat,49.57491977,167.2117698,0,0.136155556,0.079536842,0.199522222,0.920463158,0.664322222,0.837473684,1.983611111,1.754684211,3.066611111,0.95,0.9,49.57491977,91.90216859,23/10/2019
Short_Fractals1&3_Harmer_UCB2_40_1-2_2019-10-24T10-11-51-813Z.mat,57.72076977,218.00218,0,0.315988235,0.1627,0.198588235,0.8373,0.485423529,0.9336,2.408235294,2.7362,4.474470588,1,0.85,57.72076977,76.7649249,24/10/2019
Short_Fractals1&3_Harmer_UCB2_37_1_2019-10-25T09-15-35-473Z.mat,42.20185204,216.9864692,0,0.285788889,0.236936842,0.204966667,0.763063158,0.509244444,1.112315789,2.261277778,2.765842105,3.774555556,0.95,0.9,42.20185204,39.01730377,25/10/2019
Short_Fractals1&3_Harmer_UCB2_35-1_2019-10-29T10-10-55-849Z.mat,93.71758597,243.8956033,0,0.31652,0.16909,0.19668,0.83091,0.4868,2.8027,2.956466667,4.65555,4.871866667,1,0.75,93.71758597,101.3624247,29/10/2019
Short_Fractals1&3_Harmer_umd083_2019-10-29T14-43-52-215Z.mat,285.7523577,297.2673378,0,0.397431579,0.65672,0.407768421,0.34328,0.1948,1.33925,2.222421053,2.06205,3.048842105,1,0.95,285.7523577,212.26993,29/10/2019
Short_Fractals1&3_Harmer_umd086_2019-10-29T10-17-15-748Z.mat,78.13424138,177.8957073,0,0.2336625,0.215936842,0.185775,0.784063158,0.5805625,1.756947368,1.7884375,2.707473684,2.8185625,0.95,0.8,78.13424138,59.99060486,29/10/2019
Short_Fractals1&3_Harmer_UCB2_39_2_2019-11-01T11-05-13-584Z.mat,34.82071511,141.6194762,0,0.193933333,0.07479,0.109311111,0.92521,0.696755556,1.0308,1.861555556,2.6147,3.817611111,1,0.9,34.82071511,51.00645203,01/11/2019
Short_Fractals1&3_Harmer_UCB2_38_2_2019-11-05T11-08-40-592Z.mat,62.12000135,201.1140359,0,0.275514286,0.20608,0.231971429,0.79392,0.492514286,0.7256,1.582857143,1.6034,2.690214286,1,0.7,62.12000135,65.64219324,05/11/2019
Short_Fractals1&3_Harmer_UCB2_033-2_2019-11-07T09-52-16-274Z.mat,62.62055998,175.2127008,0,0.255894118,0.0858,0.172082353,0.9142,0.572023529,1.75455,3.646470588,4.6064,6.231058824,1,0.85,62.62055998,94.59014901,07/11/2019
Short_Fractals1&3_Harmer_UCB2_40_2_2019-11-07T11-02-36-662Z.mat,59.89106951,157.9802799,0,0.25662,0.0978,0.11455,0.9022,0.62883,0.96345,2.4073,2.8099,4.42735,1,1,59.89106951,69.21768846,07/11/2019
Short_Fractals1&3_Harmer_UCB2_37_2_2019-11-08T10-16-22-815Z.mat,37.12862348,126.2090865,0,0.2396875,0.25476,0.253525,0.74524,0.5067875,1.1266,1.8635,2.66,3.599875,1,0.8,37.12862348,42.24530317,08/11/2019
Short_Fractals1&3_Harmer_UCB2_test2_2019-11-12T12-42-00-695Z.mat,86.20637498,242.7496797,0,0.318815385,0.32292,0.167415385,0.67708,0.513769231,0.94175,1.845615385,1.8615,2.927384615,1,0.65,86.20637498,48.40915118,12/11/2019
Short_Fractals1&3_Harmer_UCB2_035_2_2019-11-13T10-31-29-233Z.mat,64.84360283,192.0223972,0,0.197164706,0.08817,0.206682353,0.91183,0.596152941,1.3737,2.282058824,2.8701,3.894647059,1,0.85,64.84360283,105.1552632,13/11/2019
Short_Fractals1&3_Harmer_trd045_2019-11-13T10-55-34-729Z.mat,27.94073108,133.4413498,0,0.201811111,0.08188,0.166011111,0.91812,0.632177778,1.31725,2.444666667,3.14915,4.350611111,1,0.9,27.94073108,57.79472652,13/11/2019
Short_Fractals1&3_Harmer_UCB2_36_2_2019-11-15T11-03-22-624Z.mat,72.409543,130.4115938,0,0.199066667,0.15633,0.139477778,0.84367,0.661455556,1.05375,2.063166667,2.5498,3.712388889,1,0.9,72.409543,67.23942548,15/11/2019
Short_Fractals1&3_Harmer_trd043_2019-11-18T11-47-37-224Z.mat,52.94442098,202.4477626,0,0.376035294,0.24728,0.351588235,0.75272,0.272376471,0.88675,1.610294118,1.9146,2.629176471,1,0.85,52.94442098,82.12756222,18/11/2019
Short_Fractals1&3_Harmer_UCB2_jr482_2019-11-26T12-44-37-801Z.mat,25.28975043,154.2237375,0,0.329977778,0.105058824,0.216911111,0.894941176,0.453111111,1.572,4.9105,2.975,6.215222222,0.85,0.9,25.28975043,72.23414336,26/11/2019
Short_Fractals1&3_Harmer_UMD082_2019-11-28T10-03-21-580Z.mat,50.51986939,138.7889086,0,0.155261538,0.084357895,0.193753846,0.915642105,0.650984615,1.064631579,2.823846154,2.779684211,4.885923077,0.95,0.65,50.51986939,83.91949274,28/11/2019
Short_Fractals1&3_Harmer_umd092_2019-12-02T15-06-11-325Z.mat,64.08758235,84.00439941,0,0.05,0.10096,0.08003,0.89904,0.86997,1.32805,1.91425,2.9441,3.7788,1,1,64.08758235,54.38896448,02/12/2019
Short_Fractals1&3_Harmer_TRD047_2019-12-05T14-25-29-068Z.mat,55.31893491,67.51859134,0,0.098031579,0.0769,0.069336842,0.9231,0.832631579,1.0116,2.495789474,2.54005,4.550684211,1,0.95,55.31893491,49.99662471,05/12/2019
Short_Fractals1&3_Harmer_umd093_2019-12-09T10-07-34-682Z.mat,25.16504484,73.0350342,0,0.1433,0.00233,0.02532,0.99767,0.83138,1.2445,2.0623,4.65775,7.16295,1,1,25.16504484,38.08605364,09/12/2019
Short_Fractals1&3_Harmer_TRD049_2019-12-17T12-16-42-768Z.mat,34.27980168,162.9284359,0,0.208905263,0.0922,0.208884211,0.9078,0.582210526,0.9534,1.982631579,2.62155,4.211157895,1,0.95,34.27980168,64.00389414,17/12/2019
Short_Fractals1&3_Harmer_TRD051_2019-12-18T13-12-03-393Z.mat,35.87086495,94.75317454,0,0.018258824,0.02438,0.119882353,0.97562,0.861858824,1.1953,1.948823529,3.058,4.274294118,1,0.85,35.87086495,76.24316726,18/12/2019
Short_Fractals1&3_Harmer_UMD095_2020-01-09T08-28-06-857Z.mat,48.63695606,183.4616889,0,0.179494737,0.043455556,0.125084211,0.956544444,0.695421053,1.446,2.037894737,3.495111111,4.174052632,0.9,0.95,48.63695606,84.30664272,09/01/2020
Short_Fractals1&3_Harmer_umd100_2020-01-20T09-09-51-796Z.mat,34.33595008,159.4560069,0,0.27865,0.14412,0.3136625,0.85588,0.4076875,0.8566,1.6434375,2.2086,3.031,1,0.8,34.33595008,68.78183701,20/01/2020
Short_Fractals1&3_Harmer_umd077_2020-01-22T09-16-19-774Z.mat,42.97689689,192.571681,0,0.300386667,0.13217,0.243893333,0.86783,0.45572,1.14115,2.079,2.8037,3.945066667,1,0.75,42.97689689,75.57302211,22/01/2020
Short_Fractals1&3_Harmer_TRD053_2020-01-24T12-26-44-432Z.mat,30.38071002,96.22487962,0,0.120410526,0.038305263,0.214905263,0.961694737,0.664684211,0.946,2.237894737,2.547684211,4.463736842,0.95,0.95,30.38071002,80.15608244,24/01/2020
Short_Fractals1&3_Harmer_trd052_2020-01-29T14-58-09-157Z.mat,14.69216419,76.5526606,0,0.07546,0,0.04508,1,0.87946,1.29,2.84595,3.1784,4.59265,1,1,14.69216419,46.96047624,29/01/2020
Short_Fractals1&3_Harmer_umd101_2020-01-30T10-01-21-758Z.mat,57.85730698,117.7596997,0,0.14324,0.08405,0.08839,0.91595,0.76837,0.9306,2.12285,2.094,4.0471,1,1,57.85730698,64.10134635,30/01/2020
Short_Fractals1&3_Harmer_UMD104_2020-02-05T08-32-19-414Z.mat,38.38972963,75.62162665,0,0.060453333,0.06902,0.103266667,0.93098,0.83628,0.8776,1.581066667,2.1294,3.239733333,1,0.75,38.38972963,47.76814998,05/02/2020
Short_Fractals1&3_Harmer_trd055_2020-02-05T13-51-29-853Z.mat,56.95652735,172.7472962,0,0.366552941,0.135778947,0.169082353,0.864221053,0.464364706,0.929789474,1.641411765,2.449263158,3.707705882,0.95,0.85,56.95652735,67.24999723,05/02/2020
Short_Fractals1&3_Harmer_UMD106_2020-02-20T13-23-40-230Z.mat,32.02741317,123.9780138,0,0.196911111,0.04074,0.103466667,0.95926,0.699622222,0.97675,2.223444444,3.0657,4.645777778,1,0.9,32.02741317,53.04072675,20/02/2020
Short_Fractals1&3_Harmer_TRD060_2020-02-27T11-44-37-026Z.mat,55.5244498,138.0224196,0,0.153425,0.04952,0.0660375,0.95048,0.7805375,1.01405,2.1478125,2.87295,3.9351875,1,0.8,55.5244498,59.53348937,27/02/2020
Short_Fractals1&3_Harmer_TRD061_2020-03-10T11-35-30-531Z.mat,31.08892506,86.48582659,0,0.157317647,0.01602,0.041070588,0.98398,0.801611765,1.2333,3.237176471,2.61715,4.637117647,1,0.85,31.08892506,43.21938741,10/03/2020
Short_Fractals1&3_Harmer_TRD068_2020-11-30T13-51-54-277Z.mat,42.56080795,145.6866967,0,0.248666667,0.12192,0.183866667,0.87808,0.567466667,0.7537,1.659133333,2.3887,3.700866667,1,0.75,42.56080795,67.71573322,30/11/2020
Short_Fractals1&3_Harmer_TRD066_2020-12-15T13-30-11-032Z.mat,35.70280141,176.0215632,0,0.24538,0.092442105,0.22124,0.907557895,0.53338,1.006421053,1.85935,2.450315789,3.39765,0.95,1,35.70280141,67.80128255,15/12/2020
Short_Fractals1&3_Harmer_trd069_2020-12-21T13-17-19-563Z.mat,64.51885455,109.0956284,0,0.111493333,0.18732,0.149586667,0.81268,0.73892,0.90465,1.7954,2.1145,3.1792,1,0.75,64.51885455,54.49425515,21/12/2020
Short_Fractals1&3_Harmer_umd119_2021-03-04T08-51-14-679Z.mat,40.83919513,131.2444329,0,0.235455556,0.11836,0.154288889,0.88164,0.610255556,1.0645,1.733444444,2.8714,3.5115,1,0.9,40.83919513,53.11110677,04/03/2021
Short_Fractals1&3_Harmer_umd1 19_2021-03-05T12-04-03-379Z.mat,61.28255401,203.4279803,0,0.315288889,0.166666667,0.130666667,0.833333333,0.554044444,0.985277778,1.502166667,2.366555556,3,0.9,0.9,61.28255401,54.15018402,05/03/2021
Short_Fractals1&3_Harmer_UMD117_2021-03-12T11-14-30-118Z.mat,36.79350822,152.1333159,0,0.14057,0.05339,0.12938,0.94661,0.73005,1.0513,2.5323,3.9177,5.57815,1,1,36.79350822,73.36133962,12/03/2021
Short_Fractals1&3_Harmer_umd117_2021-03-12T15-03-56-484Z.mat,60.88840477,116.9657875,0,0.159055556,0.040273684,0.056655556,0.959726316,0.784288889,1.126789474,2.171333333,3.253210526,4.683833333,0.95,0.9,60.88840477,67.70528695,12/03/2021
Short_Fractals1&3_Harmer_umd121_2021-03-29T08-12-58-775Z.mat,53.99089311,87.59421213,0,0.050411111,0.080031579,0.081911111,0.919968421,0.867677778,1.885894737,4.009222222,3.371631579,5.5045,0.95,0.9,53.99089311,59.64039561,29/03/2021
Short_Fractals1&3_Harmer_umd121_rv2_2021-03-29T13-35-36-899Z.mat,32.43633792,139.0231506,0,0.230433333,0.09153,0.128355556,0.90847,0.641211111,0.93785,2.257277778,2.18075,3.541833333,1,0.9,32.43633792,49.14500573,29/03/2021
Short_Fractals1&3_Harmer_umd123_2021-04-06T10-07-28-090Z.mat,43.34018055,66.70685623,0,0,0.0291,0.05756,0.9709,0.94244,1.2442,3.52055,3.0153,5.24735,1,1,43.34018055,66.70685623,06/04/2021
Short_Fractals1&3_Harmer_umd123_2021-04-07T11-04-53-570Z.mat,33.66182381,80.16280149,0,0.141694737,0.073421053,0.125568421,0.926578947,0.732736842,1.369578947,2.201263158,2.844684211,3.686789474,0.95,0.95,33.66182381,62.90878645,07/04/2021
Short_Fractals1&3_Harmer_umd122_2021-04-20T14-13-56-387Z.mat,40.74098163,172.2221289,0,0.180831579,0.05265,0.063105263,0.94735,0.756063158,1.04315,2.037578947,2.59785,3.731421053,1,0.95,40.74098163,48.37818205,20/04/2021
Short_Fractals1&3_Harmer_trd076_2021-05-05T14-41-45-074Z.mat,51.0681312,220.2791747,0,0.289747368,0.25018,0.224526316,0.74982,0.485726316,0.9703,2.095631579,2.6566,4.549631579,1,0.95,51.0681312,61.81757611,05/05/2021
Short_Fractals1&3_Harmer_umd131_2021-05-20T11-59-34-495Z.mat,51.95868879,201.7792693,0,0.266085714,0.102911111,0.114442857,0.897088889,0.619471429,0.957555556,1.238,2.664888889,2.921857143,0.9,0.7,51.95868879,56.7988813,20/05/2021
Short_Fractals1&3_Harmer_trd071_2021-05-28T11-42-40-809Z.mat,49.78372139,67.25398462,0,0.050975,0.102726316,0.1399,0.897273684,0.809125,1.290789474,1.8588125,2.949842105,3.956375,0.95,0.8,49.78372139,64.51062696,28/05/2021
Short_Fractals1&3_Harmer_umd129_2021-06-01T10-38-34-654Z.mat,43.25505548,149.9476519,0,0.0913875,0.06252,0.231825,0.93748,0.6767875,1.2221,1.3653125,2.9789,3.3236875,1,0.8,43.25505548,91.48454308,01/06/2021
Short_Fractals1&3_Harmer_fencogp001_2021-06-22T11-55-54-045Z.mat,39.07766705,58.15887575,0,0.08825,0.02481,0.03022,0.97519,0.88153,1.0423,1.9377,2.67235,3.97405,1,1,39.07766705,44.95855848,22/06/2021
Short_Fractals1&3_Harmer_fencogp002_2021-06-28T10-51-00-523Z.mat,44.9258783,215.1287744,0,0.305166667,0.14812,0.224766667,0.85188,0.470066667,1.1881,2.053722222,2.6766,3.605833333,1,0.9,44.9258783,61.02066719,28/06/2021
Short_Fractals1&3_Harmer_fencogp001v2_2021-06-29T11-45-11-147Z.mat,31.1035227,45.71212908,0,0.05,0.026494737,0.0227,0.973505263,0.9273,0.698684211,1.84615,2.153684211,3.5208,0.95,1,31.1035227,34.45860747,29/06/2021
Short_Fractals1&3_Harmer_umd130_2021-07-01T10-31-10-405Z.mat,63.60532433,128.0586754,0,0.124626667,0.09345,0.14608,0.90655,0.729293333,1.49565,2.9768,3.7231,5.283866667,1,0.75,63.60532433,98.45396814,01/07/2021
Short_Fractals1&3_Harmer_fencogp003_2021-07-05T11-06-12-388Z.mat,82.10283419,210.6695687,0,0.375788235,0.23,0.295823529,0.77,0.328388235,1.250235294,1.672294118,3.038117647,3.824235294,0.85,0.85,82.10283419,66.26528087,05/07/2021
Short_Fractals1&3_Harmer_fencogp002v2second_2021-07-06T11-36-47-811Z.mat,61.48785801,73.81192418,0,0.109552941,0.09026,0.1214,0.90974,0.769047059,1.0865,1.793117647,2.3703,3.129352941,1,0.85,61.48785801,67.25141076,06/07/2021
Short_Fractals1&3_Harmer_FENCOGP004_2021-07-09T11-15-42-916Z.mat,49.36521067,240.4413044,0,0.330377778,0.23348,0.204855556,0.76652,0.464766667,1.1695,1.881277778,2.8492,3.917944444,1,0.9,49.36521067,43.26512016,09/07/2021
Short_Fractals1&3_Harmer_fencogp003v2_2021-07-12T13-24-04-950Z.mat,84.95962461,107.2483253,0,0.169,0.14947,0.11204,0.85053,0.71896,1.2471,1.65535,2.92225,3.4145,1,1,84.95962461,63.1761557,12/07/2021
Short_Fractals1&3_Harmer_TRD088_2021-07-13T12-50-55-034Z.mat,20.47720454,117.9982595,0,0.135058824,0.04347,0.125941176,0.95653,0.739,1.07505,1.701470588,2.6784,3.690647059,1,0.85,20.47720454,49.01106745,13/07/2021
Short_Fractals1&3_Harmer_fencogp005v1_2021-07-13T11-15-26-828Z.mat,35.44298681,48.96674756,0,0,0,0.0025,1,0.9975,0.72865,1.6354,1.9702,3.14625,1,1,35.44298681,48.96674756,13/07/2021
Short_Fractals1&3_Harmer_FENCOGP006_2021-07-14T10-51-32-880Z.mat,35.28581446,158.2264262,0,0.301336842,0.107188889,0.199431579,0.892811111,0.499231579,0.926777778,2.696210526,3.100722222,5.232789474,0.9,0.95,35.28581446,69.27484712,14/07/2021
Short_Fractals1&3_Harmer_trd085_2021-07-15T11-28-22-109Z.mat,21.20797173,95.32726365,0,0.151677778,0.00459,0.0517,0.99541,0.796622222,0.94145,1.494722222,2.28175,3.120333333,1,0.9,21.20797173,50.80200098,15/07/2021
Short_Fractals1&3_Harmer_fencogp004v2_2021-07-16T11-53-29-052Z.mat,42.7464753,96.69363229,0,0.21101,0.03672,0.0708,0.96328,0.71819,0.72555,2.09235,1.74665,3.89455,1,1,42.7464753,55.93754409,16/07/2021
Short_Fractals1&3_Harmer_fencogp005v2_2021-07-20T11-28-18-402Z.mat,63.87946201,54.03541215,0,0,0.02743,0.01847,0.97257,0.98153,0.74605,1.3465,2.1033,3.2064,1,1,63.87946201,54.03541215,20/07/2021
Short_Fractals1&3_Harmer_fencogp006v2_2021-07-21T12-58-53-592Z.mat,49.55884822,193.0980438,0,0.31799,0.161778947,0.17657,0.838221053,0.50544,1.126157895,3.0558,3.599684211,6.5202,0.95,1,49.55884822,52.40488747,21/07/2021
Short_Fractals1&3_Harmer_UMD132_2021-07-28T10-27-57-157Z.mat,66.465643,275.8109615,0,0.326986667,0.246126316,0.35508,0.753873684,0.317933333,1.415736842,2.353466667,3.463631579,4.302466667,0.95,0.75,66.465643,104.3319914,28/07/2021
Short_Fractals1&3_Harmer_trd087_2021-07-29T14-33-05-652Z.mat,48.01130771,126.7296978,0,0.201547368,0.1782,0.1984,0.8218,0.600052632,1.35465,2.910526316,3.55325,5.057473684,1,0.95,48.01130771,61.90699553,29/07/2021
Short_Fractals1&3_Harmer_fencogp007v1_2021-08-04T11-18-58-683Z.mat,54.03566788,29.72915759,0,0,0.05,0,0.95,1,0.9538,2.5614,4.1818,4.36295,1,1,54.03566788,29.72915759,04/08/2021
Short_Fractals1&3_Harmer_fencogp008v1_2021-08-06T12-04-24-786Z.mat,89.56195038,132.7075489,0,0.164775,0.153221053,0.088025,0.846778947,0.7472,2.694842105,2.5005625,4.684684211,4.789875,0.95,0.8,89.56195038,76.28230448,06/08/2021
Short_Fractals1&3_Harmer_UMD145_2021-08-09T10-53-45-031Z.mat,38.22748923,149.2851154,0,0.184538462,0.16414,0.180461538,0.83586,0.635,1.6158,4.013461538,4.9414,7.545307692,1,0.65,38.22748923,43.66874162,09/08/2021
Short_Fractals1&3_Harmer_FENCOG009_2021-08-10T11-26-54-670Z.mat,52.54725557,66.82048361,0,0.05,0.01429,0.02038,0.98571,0.92962,1.12315,3.0326,2.17065,4.4741,1,1,52.54725557,63.83747734,10/08/2021
Short_Fractals1&3_Harmer_fencogp007vw_2021-08-11T09-28-48-270Z.mat,15.62749613,107.3692231,0,0.181884211,0.032631579,0.081073684,0.967368421,0.737042105,0.705894737,1.999473684,2.560789474,4.005631579,0.95,0.95,15.62749613,35.8835571,11/08/2021
Short_Fractals1&3_Harmer_FENCOG008_2_2021-08-13T10-59-46-898Z.mat,66.28204862,253.1233013,0,0.3059,0.123855556,0.238588889,0.876144444,0.455511111,1.592555556,3.145777778,2.8445,4.264444444,0.9,0.9,66.28204862,107.7295645,13/08/2021
Short_Fractals1&3_Harmer_UMD137_2021-08-13T10-52-27-475Z.mat,39.411849,44.18950203,0,0,0.01354,0.033126316,0.98646,0.966873684,1.23165,1.813,3.7318,4.362105263,1,0.95,39.411849,44.18950203,13/08/2021
Short_Fractals1&3_Harmer_fencogp009v2_2021-08-17T12-16-10-015Z.mat,61.68571562,76.86650296,0,0.05,0.03814,0.04941,0.96186,0.90059,0.93035,2.8487,1.76185,4.0525,1,1,61.68571562,68.35255343,17/08/2021
Short_Fractals1&3_Harmer_umd144_2021-08-25T08-01-38-971Z.mat,44.79077951,157.4288055,0,0.127164706,0.12187,0.292870588,0.87813,0.579964706,1.1628,2.112294118,3.6277,5.461647059,1,0.85,44.79077951,116.3430448,25/08/2021
Short_Fractals1&3_Harmer_umd146_2021-08-26T09-50-29-114Z.mat,38.71926365,95.78164209,0,0.139222222,0.01765,0.124088889,0.98235,0.736688889,1.23765,2.956055556,2.9721,4.842111111,1,0.9,38.71926365,71.00165039,26/08/2021
Short_Fractals1&3_Harmer_trd093_2021-08-31T12-28-51-206Z.mat,37.91063264,152.6933508,0,0.2385875,0.21624,0.269325,0.78376,0.4920875,1.2373,2.58525,3.3395,4.686875,1,0.8,37.91063264,52.3086288,31/08/2021
Short_Fractals1&3_Harmer_umd128_2021-09-01T08-01-12-758Z.mat,78.77637831,160.1199055,0,0.171589474,0.139536842,0.167252632,0.860463158,0.661157895,0.889263158,2.355263158,2.451631579,4.244105263,0.95,0.95,78.77637831,89.09287407,01/09/2021
Short_Fractals1&3_Harmer_fencog-p10v1_2021-09-06T11-24-47-098Z.mat,29.35243659,88.97689943,0,0.05,0.05034,0.07302,0.94966,0.87698,0.90775,1.89785,2.6274,3.7168,1,1,29.35243659,57.44919796,06/09/2021
Short_Fractals1&3_Harmer_fencog_p11_v1_2021-09-07T11-25-22-090Z.mat,32.09798665,124.690792,0,0.133936842,0.042336842,0.119421053,0.957663158,0.746642105,1.639947368,1.898263158,3.496368421,4.012947368,0.95,0.95,32.09798665,60.15967469,07/09/2021
Short_Fractals1&3_Harmer_fencog-p010v2_2021-09-13T11-50-40-722Z.mat,55.52564243,86.6147712,0,0.050666667,0.14899,0.132388889,0.85101,0.816944444,1.18785,1.718722222,2.75335,3.456333333,1,0.9,55.52564243,57.09193666,13/09/2021
Short_Fractals1&3_Harmer_fencogp011v2_2021-09-15T10-36-52-506Z.mat,56.31993957,143.7435126,0,0.234966667,0.178821053,0.232455556,0.821178947,0.532577778,1.438894737,2.205666667,2.661368421,3.376388889,0.95,0.9,56.31993957,61.45809381,15/09/2021
Short_Fractals1&3_Harmer_umd141_2021-09-16T13-12-46-384Z.mat,29.84345694,132.4890761,0,0.237642105,0.12257,0.135715789,0.87743,0.626642105,0.8077,2.619315789,2.3855,4.485631579,1,0.95,29.84345694,33.19178564,16/09/2021
Short_Fractals1&3_Harmer_umd124_2021-09-20T10-09-25-602Z.mat,31.25662351,117.2751102,0,0.207422222,0.01147,0.057988889,0.98853,0.734588889,1.0007,2.848388889,2.38805,4.365055556,1,0.9,31.25662351,50.4068666,20/09/2021
Short_Fractals1&3_Harmer_trd094_2021-09-21T13-47-21-611Z.mat,22.78729175,121.5189281,0,0.195736842,0.04372,0.091305263,0.95628,0.712957895,1.01685,1.902263158,2.30365,3.472578947,1,0.95,22.78729175,54.37502077,21/09/2021
Short_Fractals1&3_Harmer_UMD147_2021-09-29T08-09-07-419Z.mat,54.09007178,103.9004883,0,0.088884211,0.02444,0.102557895,0.97556,0.808557895,1.345,2.646368421,3.49145,6.678052632,1,0.95,54.09007178,85.65629917,29/09/2021
Short_Fractals1&3_Harmer_fencogp012v1_2021-10-07T11-22-13-793Z.mat,28.38003178,121.7937957,0,0.17155,0.10193,0.12879,0.89807,0.69966,1.2053,1.9754,2.60915,3.4556,1,1,28.38003178,38.83935688,07/10/2021
Short_Fractals1&3_Harmer_umd149_2021-10-11T10-04-27-513Z.mat,56.02646914,108.3209699,0,0.095505263,0.023578947,0.084810526,0.976421053,0.819684211,0.840263158,1.370210526,1.834210526,2.470684211,0.95,0.95,56.02646914,69.66954915,11/10/2021
Short_Fractals1&3_Harmer_fencog-p0013v2_2021-10-14T11-06-50-692Z.mat,45.14537313,138.7026448,0,0.258968421,0.065021053,0.189273684,0.934978947,0.551757895,1.163052632,1.823736842,3.009,3.628210526,0.95,0.95,45.14537313,86.24147861,14/10/2021
Short_Fractals1&3_Harmer_FENCOG_p012_2_2021-10-15T11-29-30-905Z.mat,27.17359779,83.26054698,0,0.09564,0.036357895,0.05916,0.963642105,0.8452,0.759631579,1.9672,2.233052632,2.98915,0.95,1,27.17359779,42.98596413,15/10/2021
Short_Fractals1&3_Harmer_p014_fencog_1_2021-10-19T11-03-24-375Z.mat,45.12301418,89.36776058,0,0.18617,0.05969,0.11556,0.94031,0.69827,1.0118,2.4732,3.0444,4.3087,1,1,45.12301418,70.53036411,19/10/2021
Short_Fractals1&3_Harmer_fencogp0015v1_2021-10-20T11-10-01-636Z.mat,43.1466352,85.80083112,0,0.103010526,0.07306,0.062221053,0.92694,0.834768421,1.10345,1.853315789,2.91295,4.326263158,1,0.95,43.1466352,34.73212119,20/10/2021
Short_Fractals1&3_Harmer_fencogp013v2_2021-10-21T12-16-39-180Z.mat,85.9964925,240.3568685,0,0.261058824,0.23004,0.245952941,0.76996,0.492988235,0.9377,1.864176471,2.0278,2.820235294,1,0.85,85.9964925,90.529866,21/10/2021
Short_Fractals1&3_Harmer_fencogp016v1_2021-10-25T10-26-36-248Z.mat,33.42102837,152.5038439,0,0.19471,0.09659,0.18155,0.90341,0.62374,0.95225,2.09075,2.6948,4.1433,1,1,33.42102837,78.99529268,25/10/2021
Short_Fractals1&3_Harmer_fencogp014v2_2021-10-26T11-57-07-906Z.mat,46.25611151,106.5200389,0,0.109952941,0.028305263,0.060682353,0.971694737,0.829364706,1.041578947,2.183,2.509789474,3.874411765,0.95,0.85,46.25611151,68.81961985,26/10/2021
Short_Fractals1&3_Harmer_fencogp017_2021-10-28T12-16-11-256Z.mat,20.1579977,37.16127527,0,0,0.02325,0.064726316,0.97675,0.935273684,1.2208,1.892210526,4.41785,4.271052632,1,0.95,20.1579977,37.16127527,28/10/2021
Short_Fractals1&3_Harmer_fencog_p18_1_2021-10-29T11-58-57-790Z.mat,25.77106726,142.0538702,0,0.22063,0.06647,0.10937,0.93353,0.67,0.8228,2.11365,2.0146,3.7579,1,1,25.77106726,45.46650123,29/10/2021
Short_Fractals1&3_Harmer_fencogp015v2_2021-10-29T09-03-38-147Z.mat,30.83433228,88.01195066,0,0.08208,0.017777778,0.04112,0.982222222,0.8768,0.803111111,1.45745,2.266888889,3.12435,0.9,1,30.83433228,48.0614333,29/10/2021
Short_Fractals1&3_Harmer_fencogp016v2_2021-11-01T13-03-13-985Z.mat,31.71076271,114.9648139,0,0.14307,0.07788,0.13898,0.92212,0.71795,1.1009,2.40125,2.5934,3.98525,1,1,31.71076271,59.83467339,01/11/2021
Short_Fractals1&3_Harmer_umd155_2021-11-01T11-13-22-119Z.mat,37.94611759,232.0300406,0,0.3320125,0.085968421,0.2762125,0.914031579,0.391775,0.965,1.749875,2.045421053,2.8129375,0.95,0.8,37.94611759,70.26801487,01/11/2021
Short_Fractals1&3_Harmer_TRD082_2021-11-02T12-26-51-284Z.mat,119.1951539,215.4288929,0,0.274494118,0.342789474,0.198470588,0.657210526,0.527035294,2.050736842,2.622117647,3.219473684,3.760117647,0.95,0.85,119.1951539,77.82624812,02/11/2021
Short_Fractals1&3_Harmer_umd153_2021-11-03T14-07-17-348Z.mat,31.86355901,133.2370703,0,0.210175,0.15834,0.222525,0.84166,0.5673,0.89075,1.4554375,2.4155,3.1781875,1,0.8,31.86355901,48.12321652,03/11/2021
Short_Fractals1&3_Harmer_fencogp017v2_2021-11-04T12-39-28-831Z.mat,14.72804895,20.6828875,0,0,0.0045,0.007136842,0.9955,0.992863158,1.6572,2.016842105,4.8301,4.511789474,1,0.95,14.72804895,20.6828875,04/11/2021
Short_Fractals1&3_Harmer_umd158_2021-11-04T09-18-10-497Z.mat,39.26786194,170.4288484,0,0.20523,0.07096,0.20397,0.92904,0.5908,0.89915,2.0948,1.92255,3.3656,1,1,39.26786194,72.93474432,04/11/2021
Short_Fractals1&3_Harmer_fencogp018v2_2021-11-05T12-34-46-245Z.mat,23.43276064,36.59010794,0,0,0.038115789,0.043022222,0.961884211,0.956977778,0.932947368,1.849611111,2.014894737,3.253388889,0.95,0.9,23.43276064,36.59010794,05/11/2021
Short_Fractals1&3_Harmer_fencogp019v1_2021-11-08T11-19-45-286Z.mat,53.4373749,109.2753619,0,0.1993875,0.11574,0.133225,0.88426,0.6673875,0.793,1.2723125,2.9667,4.1798125,1,0.8,53.4373749,60.02024459,08/11/2021
Short_Fractals1&3_Harmer_fencogp020v1_2021-11-09T12-28-11-989Z.mat,40.49387429,108.0134206,0,0.1974,0.087189474,0.1829,0.912810526,0.6197,1.690789474,3.073277778,3.372789474,5.387333333,0.95,0.9,40.49387429,70.66895413,09/11/2021
Short_Fractals1&3_Harmer_TRD100_2021-11-16T12-59-47-642Z.mat,27.51150171,149.1397098,0,0.235822222,0.07977,0.102277778,0.92023,0.6619,0.85185,1.378888889,2.5167,3.106722222,1,0.9,27.51150171,38.59948989,16/11/2021
Short_Fractals1&3_Harmer_fencogp020v2_2021-11-16T13-02-15-178Z.mat,45.17135241,96.87770732,0,0.121526316,0.024421053,0.048515789,0.975578947,0.829957895,1.377263158,2.291210526,3.474947368,3.996578947,0.95,0.95,45.17135241,74.81234123,16/11/2021
Short_Fractals1&3_Harmer_TRD102_2021-11-29T10-58-47-573Z.mat,27.3909145,93.05127965,0,0.09542,0.03219,0.07194,0.96781,0.83264,1.09955,2.1446,2.96685,4.07385,1,1,27.3909145,43.45031073,29/11/2021
Short_Fractals1&3_Harmer_umd168_2021-12-02T10-11-08-202Z.mat,47.91229568,200.845194,0,0.2551125,0.11361,0.15325,0.88639,0.5916375,1.3409,3.33475,2.93765,5.1794375,1,0.8,47.91229568,58.0659608,02/12/2021
Short_Fractals1&3_Harmer_fencogp021v1_2021-12-10T14-07-00-070Z.mat,38.58514881,170.1216714,0,0.181936842,0.08247,0.149926316,0.91753,0.668136842,1.2507,4.160894737,4.001,7.425210526,1,0.95,38.58514881,71.46902372,10/12/2021
Short_Fractals1&3_Harmer_umd161_2021-12-13T11-03-17-400Z.mat,56.4073146,211.5478432,0,0.3042875,0.230258824,0.2872625,0.769741176,0.40845,2.345352941,2.767375,3.902294118,5.1261875,0.85,0.8,56.4073146,66.06177556,13/12/2021
Short_Fractals1&3_Harmer_fencogp021v2_2021-12-17T12-53-50-372Z.mat,44.94367575,111.5987674,0,0.13614,0.02004,0.06135,0.97996,0.80251,1.13355,2.68715,3.4211,5.0228,1,1,44.94367575,60.39277573,17/12/2021
Short_Fractals1&3_Harmer_umd178_2022-01-12T10-30-14-960Z.mat,25.92406991,115.9541652,0,0.22041,0.01777,0.10248,0.98223,0.67711,0.9272,1.55815,2.6675,3.1952,1,1,25.92406991,52.29994059,12/01/2022
Short_Fractals1&3_Harmer_p022v1real_2022-01-19T12-24-51-529Z.mat,65.40222585,142.8927056,0,0.232873684,0.14011,0.070831579,0.85989,0.696294737,1.0388,1.580947368,3.2612,3.752368421,1,0.95,65.40222585,46.71947762,19/01/2022
Short_Fractals1&3_Harmer_fencogp022v2_2022-01-26T12-43-51-981Z.mat,85.2076575,134.8007019,0,0.14071,0.17875,0.12863,0.82125,0.73066,1.2526,2.099,3.47685,4.243,1,1,85.2076575,70.06498059,26/01/2022
Short_Fractals1&3_Harmer_umd183_2022-02-04T08-19-43-836Z.mat,46.82922243,84.46738272,0,0.05,0.02049,0.02743,0.97951,0.92257,1.31275,2.14735,2.685,3.72775,1,1,46.82922243,50.79991378,04/02/2022
Short_Fractals1&3_Harmer_fencogp023_2022-02-08T11-53-57-430Z.mat,28.22996699,66.30110683,0,0.141611111,0.018,0.088466667,0.982,0.769922222,1.27495,4.672444444,3.53085,7.347111111,1,0.9,28.22996699,51.79793704,08/02/2022
Short_Fractals1&3_Harmer_trd111_2022-02-09T13-37-17-808Z.mat,58.3067355,187.5292662,0,0.24335,0.17,0.19586,0.83,0.56079,0.9469,1.57845,2.08225,2.8017,1,1,58.3067355,67.32543674,09/02/2022
Short_Fractals1&3_Harmer_fencogp024v1_2022-02-11T12-03-27-904Z.mat,51.20037946,114.886097,0,0.187084211,0.047821053,0.081968421,0.952178947,0.730947368,0.857263158,2.405368421,2.711052632,4.659842105,0.95,0.95,51.20037946,61.92413855,11/02/2022
Short_Fractals1&3_Harmer_fencogp025_2022-02-15T11-46-11-414Z.mat,19.29439575,114.8811417,0,0.104070588,0.031442105,0.101047059,0.968557895,0.794882353,1.071947368,1.648176471,3.593894737,5.383882353,0.95,0.85,19.29439575,41.0856836,15/02/2022
Short_Fractals1&3_Harmer_fencogp023_2022-02-16T12-50-07-663Z.mat,19.40149779,44.04396666,0,0,0,0.01818,1,0.98182,1.06035,2.5507,2.76595,5.0416,1,1,19.40149779,44.04396666,16/02/2022
Short_Fractals1&3_Harmer_umd170_2022-02-17T10-12-40-199Z.mat,31.41874147,38.15693487,0,0,0.00893,0,0.99107,1,1.12705,1.85855,2.5964,4.0588,1,1,31.41874147,38.15693487,17/02/2022
Short_Fractals1&3_Harmer_umd184_2022-02-17T13-09-10-488Z.mat,40.36956696,145.1486489,0,0.24675,0.081147368,0.1363625,0.918852632,0.6168875,1.117631579,1.8643125,2.417157895,3.343,0.95,0.8,40.36956696,58.88400346,17/02/2022
Short_Fractals1&3_Harmer_fencogp024v2_2022-02-18T09-57-54-860Z.mat,96.19576242,113.5737265,0,0.266944444,0.20254,0.1526,0.79746,0.580455556,1.39285,2.837333333,2.942,4.695611111,1,0.9,96.19576242,59.39001739,18/02/2022
Short_Fractals1&3_Harmer_umd187_2022-02-21T12-50-01-739Z.mat,22.26005908,80.31997511,0,0.18582,0.01225,0.04456,0.98775,0.76962,0.8555,3.29465,2.64675,5.28005,1,1,22.26005908,40.13623335,21/02/2022
Short_Fractals1&3_Harmer_fencogp025_2022-02-22T12-32-41-498Z.mat,19.00795226,82.92503256,0,0.158844444,0.03634,0.077566667,0.96366,0.763588889,1.07925,1.638111111,3.0623,3.670388889,1,0.9,19.00795226,34.45390267,22/02/2022
Short_Fractals1&3_Harmer_fencogp026v1_2022-02-23T12-02-17-341Z.mat,41.07565227,78.07663314,0,0.143305263,0.04107,0.074273684,0.95893,0.782421053,1.48865,3.479789474,3.2216,5.377157895,1,0.95,41.07565227,53.92937246,23/02/2022
Short_Fractals1&3_Harmer_umd182_2022-02-25T08-25-01-837Z.mat,43.72696969,262.1613105,0,0.326690909,0.141952941,0.235963636,0.858047059,0.437345455,1.290941176,3.007363636,3.129176471,4.891818182,0.85,0.55,43.72696969,71.85952826,25/02/2022
Short_Fractals1&3_Harmer_fencogp027v1_2022-02-28T12-00-42-206Z.mat,39.71080232,98.81682019,0,0.111813333,0.0676,0.108226667,0.9324,0.77996,0.8402,1.3012,1.7707,2.385666667,1,0.75,39.71080232,57.34576605,28/02/2022
Short_Fractals1&3_Harmer_trd116_2022-03-01T17-46-43-610Z.mat,95.08259773,120.4825381,0,0.103844444,0.172663158,0.077922222,0.827336842,0.818233333,1.726368421,1.667444444,2.770263158,2.775666667,0.95,0.9,95.08259773,50.05617454,01/03/2022
Short_Fractals1&3_Harmer_umd188_2022-03-03T08-24-25-601Z.mat,64.49467158,115.7607904,0,0.112411765,0.12943,0.155364706,0.87057,0.732223529,1.58545,2.558823529,3.8142,5.014352941,1,0.85,64.49467158,70.70387121,03/03/2022
Short_Fractals1&3_Harmer_fencogp026v2_2022-03-04T14-46-38-531Z.mat,63.36008069,142.7333029,0,0.2346,0.178978947,0.149855556,0.821021053,0.615544444,1.339684211,2.668888889,2.967263158,4.234277778,0.95,0.9,63.36008069,57.5538924,04/03/2022
Short_Fractals1&3_Harmer_fencogp027v2_2022-03-07T13-13-44-947Z.mat,65.48577616,129.9728903,0,0.139210526,0.11352,0.085757895,0.88648,0.775031579,0.8749,1.491894737,1.71115,2.396736842,1,0.95,65.48577616,52.47790336,07/03/2022
Short_Fractals1&3_Harmer_fencogp28v1_2022-03-08T12-09-27-275Z.mat,37.06058749,127.5310064,0,0.093588889,0.03953,0.139744444,0.96047,0.766666667,0.8983,1.829,2.16495,3.262611111,1,0.9,37.06058749,83.21886808,08/03/2022
Short_Fractals1&3_Harmer_fencogp29v1_2022-03-09T12-34-57-206Z.mat,32.24589504,55.53044844,0,0.05,0.00669,0.01861,0.99331,0.93139,1.0827,3.1488,3.27855,6.48355,1,1,32.24589504,37.90901387,09/03/2022
Short_Fractals1&3_Harmer_fencogp030v1_2022-03-11T12-32-17-445Z.mat,47.03662534,99.77173037,0,0.108688889,0.04063,0.070166667,0.95937,0.821144444,0.77985,1.2205,2.54465,3.279166667,1,0.9,47.03662534,62.59485319,11/03/2022
Short_Fractals1&3_Harmer_trd119_2022-03-14T13-10-44-080Z.mat,23.4755507,107.2824228,0,0.133722222,0.02084,0.086177778,0.97916,0.7801,0.8968,1.548611111,2.2545,2.963222222,1,0.9,23.4755507,54.64545345,14/03/2022
Short_Fractals1&3_Harmer_fencogp28v2_2022-03-16T11-38-50-236Z.mat,53.02776562,71.17986591,0,0,0.00909,0.03871,0.99091,0.96129,0.88315,1.71975,2.1968,3.6367,1,1,53.02776562,71.17986591,16/03/2022
Short_Fractals1&3_Harmer_fencogp029v2_2022-03-17T12-45-21-992Z.mat,39.75163224,47.75499672,0,0.05,0.00227,0.00485,0.99773,0.94515,1.1561,2.9957,3.1249,6.0088,1,1,39.75163224,39.30016527,17/03/2022
Short_Fractals1&3_Harmer_fencogp030v2_2022-03-18T11-40-22-492Z.mat,67.85276662,132.0896644,0,0.165705882,0.114694118,0.121752941,0.885305882,0.712541176,1.279588235,1.512705882,2.386529412,2.868705882,0.85,0.85,67.85276662,63.81144638,18/03/2022
Short_Fractals1&3_Harmer_trd120_2022-03-18T11-43-16-765Z.mat,42.71824699,170.7173701,0,0.277529412,0.190133333,0.197011765,0.809866667,0.525458824,1.497,3.070882353,3.462722222,6.167411765,0.9,0.85,42.71824699,45.99997043,18/03/2022
Short_Fractals1&3_Harmer_fencogp031v1_2022-03-22T12-26-45-809Z.mat,33.41606356,71.2880271,0,0.0912,0.01345,0.0432,0.98655,0.8656,1.0397,2.418210526,3.51065,5.210842105,1,0.95,33.41606356,56.94165189,22/03/2022
Short_Fractals1&3_Harmer_umd190_2022-03-24T14-56-58-291Z.mat,39.80667158,59.36060755,0,0,0.01106,0.039526316,0.98894,0.960473684,0.9018,2.123526316,2.25565,3.922421053,1,0.95,39.80667158,59.36060755,24/03/2022
Short_Fractals1&3_Harmer_fencogp031v2_2022-03-29T11-47-01-284Z.mat,36.17048969,81.04905589,0,0.052631579,0.03936,0.067621053,0.96064,0.879747368,0.81095,1.916684211,2.50205,3.804157895,1,0.95,36.17048969,48.65647444,29/03/2022
Short_Fractals1&3_Harmer_trd124_2022-03-29T12-18-08-209Z.mat,37.0213621,140.9926138,0,0.24188,0.011810526,0.09727,0.988189474,0.66085,0.863157895,2.4665,2.310736842,4.16495,0.95,1,37.0213621,76.94254995,29/03/2022
Short_Fractals1&3_Harmer_fencogp032_2022-03-30T11-25-03-237Z.mat,32.55026428,192.3491952,0,0.286811111,0.07653,0.183322222,0.92347,0.529866667,1.15345,2.294666667,3.1145,5.250277778,1,0.9,32.55026428,58.85046149,30/03/2022
Short_Fractals1&3_Harmer_fencogp033v1_2022-04-05T11-31-46-628Z.mat,31.31069589,91.58271027,0,0.093294737,0.01579,0.075515789,0.98421,0.831189474,0.84325,1.921,2.51675,4.252578947,1,0.95,31.31069589,54.43060672,05/04/2022
Short_Fractals1&3_Harmer_umd193_2022-04-05T13-44-12-022Z.mat,25.83228963,179.1769193,0,0.279452632,0.05621,0.219557895,0.94379,0.500989474,0.89555,2.028421053,2.95685,4.438157895,1,0.95,25.83228963,61.6281566,05/04/2022
Short_Fractals1&3_Harmer_fencogp032v2_2022-04-06T11-35-51-544Z.mat,30.43509944,89.34906009,0,0.151552941,0.049357895,0.062211765,0.950642105,0.786235294,1.251105263,2.232,2.685263158,3.685235294,0.95,0.85,30.43509944,43.09413236,06/04/2022
Short_Fractals1&3_Harmer_fencogp034v1_2022-04-07T11-20-30-254Z.mat,62.36513751,218.6509973,0,0.317388889,0.26258,0.2616,0.73742,0.421011111,1.00465,1.703722222,2.7127,3.190277778,1,0.9,62.36513751,68.48578154,07/04/2022
Short_Fractals1&3_Harmer_fencogp035v1_2022-04-11T11-38-59-520Z.mat,34.87786041,151.6456273,0,0.229073684,0.092684211,0.145357895,0.907315789,0.625568421,0.793526316,2.228894737,3.156947368,5.734315789,0.95,0.95,34.87786041,48.08513731,11/04/2022
Short_Fractals1&3_Harmer_fencogp033v2_2022-04-12T12-12-32-036Z.mat,30.04367408,96.23852069,0,0.09764,0.02913,0.05065,0.97087,0.85171,0.9255,1.99415,2.33735,3.96775,1,1,30.04367408,44.17844329,12/04/2022
Short_Fractals1&3_Harmer_fencogp036v2_2022-04-13T11-15-21-787Z.mat,37.27922932,107.696861,0,0.21143,0.04099,0.11796,0.95901,0.67061,0.85655,1.77605,2.3433,3.852,1,1,37.27922932,66.93422699,13/04/2022
Short_Fractals1&3_Harmer_fencogp034v2_2022-04-14T11-46-05-294Z.mat,68.85765264,230.5091989,0,0.269705882,0.272105263,0.254835294,0.727894737,0.475458824,1.277157895,1.726117647,2.851736842,4.904764706,0.95,0.85,68.85765264,68.37894283,14/04/2022
Short_Fractals1&3_Harmer_fencogp035v2_2022-04-19T12-47-59-533Z.mat,27.45749262,75.18795721,0,0.09741,0,0.01132,1,0.89127,1.052105263,1.9958,4.411263158,6.22275,0.95,1,27.45749262,44.87564815,19/04/2022
Short_Fractals1&3_Harmer_fencogp036v2_2022-04-21T12-00-57-349Z.mat,48.40055217,125.9716597,0,0.193231579,0.11038,0.0968,0.88962,0.709968421,0.70235,1.501473684,1.70385,2.810315789,1,0.95,48.40055217,48.75027773,21/04/2022
Short_Fractals1&3_Harmer_trd125_2022-04-21T13-55-00-555Z.mat,58.87484041,61.8107386,0,0.13154,0.08128,0.05726,0.91872,0.8112,0.8631,2.03465,2.0547,3.69185,1,1,58.87484041,47.96106529,21/04/2022
Short_Fractals1&3_Harmer_fencogp037v1_2022-04-22T10-45-35-428Z.mat,42.55594087,57.98764901,0,0,0.02484,0.05908,0.97516,0.94092,1.05115,2.6115,3.34155,5.0341,1,1,42.55594087,57.98764901,22/04/2022
Short_Fractals1&3_Harmer_fencogp038v1_2022-04-26T10-45-09-137Z.mat,80.03263404,215.03797,0,0.336164706,0.290305263,0.289941176,0.709694737,0.373894118,1.499,2.725588235,3.247052632,4.786647059,0.95,0.85,80.03263404,63.48170121,26/04/2022
Short_Fractals1&3_Harmer_p039v1_2022-04-27T11-12-45-433Z.mat,17.56484245,39.06098375,0,0,0.018,0.058021053,0.982,0.941978947,0.8652,2.149157895,2.8645,4.447105263,1,0.95,17.56484245,39.06098375,27/04/2022
Short_Fractals1&3_Harmer_umd199_2022-04-27T08-43-48-209Z.mat,75.87235352,186.0547181,0,0.261870588,0.1718,0.182505882,0.8282,0.555623529,1.15465,2.120176471,2.85745,3.828352941,1,0.85,75.87235352,89.48766909,27/04/2022
Short_Fractals1&3_Harmer_fencogp040v1_2022-04-28T10-58-58-490Z.mat,35.96861347,121.7458513,0,0.181611111,0.058568421,0.186622222,0.941431579,0.631766667,1.037736842,1.386777778,2.207421053,2.7955,0.95,0.9,35.96861347,69.27448077,28/04/2022
Short_Fractals1&3_Harmer_fencogp037v2_2022-04-29T11-13-43-572Z.mat,25.76587223,47.06622981,0,0.05,0,0.01542,1,0.93458,1.0125,2.5729,3.01915,4.5008,1,1,25.76587223,46.71289114,29/04/2022
Short_Fractals1&3_Harmer_fencogp038v2_2022-05-03T12-38-01-530Z.mat,70.87450559,166.2496807,0,0.3116625,0.28407,0.291,0.71593,0.3973375,1.51875,2.811625,3.63715,5.7980625,1,0.8,70.87450559,48.25368069,03/05/2022
Short_Fractals1&3_Harmer_fencogp039v2_2022-05-04T10-49-58-357Z.mat,24.60472449,39.07897521,0,0,0.030926316,0.038066667,0.969073684,0.961933333,0.835842105,1.732944444,2.726473684,3.715111111,0.95,0.9,24.60472449,39.07897521,04/05/2022
Short_Fractals1&3_Harmer_fencogp040v2_2022-05-05T11-40-32-530Z.mat,39.64630855,90.06802001,0,0.141452632,0.077136842,0.111347368,0.922863158,0.7472,0.890105263,1.924578947,2.191315789,3.109052632,0.95,0.95,39.64630855,49.23317229,05/05/2022
Short_Fractals1&3_Harmer_fencogp041v1_2022-05-09T11-25-35-381Z.mat,19.54508498,76.66348851,0,0.09105,0.022052632,0.08482,0.977947368,0.82413,0.873631579,2.50505,2.614736842,4.7128,0.95,1,19.54508498,50.0703323,09/05/2022
Short_Fractals1&3_Harmer_fencogp042v1_2022-05-10T11-01-05-632Z.mat,60.07575296,163.2804206,0,0.257044444,0.180189474,0.235833333,0.819810526,0.507122222,0.761421053,1.672388889,2.378263158,3.400666667,0.95,0.9,60.07575296,78.56372077,10/05/2022
Short_Fractals1&3_Harmer_trd132_2022-05-11T10-47-23-925Z.mat,37.02615795,142.334757,0,0.194431579,0.05509,0.095252632,0.94491,0.710315789,1.21975,2.618,3.85965,5.386473684,1,0.95,37.02615795,58.18965922,11/05/2022
Short_Fractals1&3_Harmer_umd214_2022-05-11T09-47-00-882Z.mat,24.33964228,179.3275523,0,0.275084211,0.04946,0.196642105,0.95054,0.528273684,1.16995,2.329842105,2.49335,4.252684211,1,0.95,24.33964228,66.39805449,11/05/2022
Short_Fractals1&3_Harmer_fencogp043v1_2022-05-12T11-10-54-108Z.mat,46.64184485,147.9098076,0,0.182473684,0.11828,0.120642105,0.88172,0.696884211,0.9409,3.256210526,2.449,5.097105263,1,0.95,46.64184485,49.70460394,12/05/2022
Short_Fractals1&3_Harmer_umd200_2022-05-12T07-31-02-452Z.mat,31.1537503,80.14891418,0,0.08457,0.04587,0.07607,0.95413,0.83936,1.06415,1.6576,4.37275,5.7383,1,1,31.1537503,49.09430745,12/05/2022
Short_Fractals1&3_Harmer_fencogp041v2_2022-05-16T12-01-11-375Z.mat,24.54395268,77.32734828,0,0.09771,0,0.03595,1,0.86634,0.69845,2.8817,2.24085,4.62895,1,1,24.54395268,46.50853765,16/05/2022
Short_Fractals1&3_Harmer_fencogp042v2_2022-05-17T11-29-02-809Z.mat,49.48752908,127.4077573,0,0.261866667,0.09294,0.139577778,0.90706,0.598555556,0.7853,1.552,2.2801,3.232055556,1,0.9,49.48752908,62.62474934,17/05/2022
Short_Fractals1&3_Harmer_fencogp044v2_2022-05-18T10-45-06-901Z.mat,72.6324129,222.1661241,0,0.333870588,0.289126316,0.305847059,0.710873684,0.360282353,0.932157895,1.645823529,2.175947368,2.989294118,0.95,0.85,72.6324129,70.72331052,18/05/2022
Short_Fractals1&3_Harmer_fencogp043v2_2022-05-19T11-53-10-195Z.mat,40.89664081,76.25634643,0,0.05,0.02763,0.02447,0.97237,0.92553,1.1775,2.37425,2.5051,3.8169,1,1,40.89664081,41.88541274,19/05/2022
Short_Fractals1&3_Harmer_trd131_2022-05-20T10-08-36-620Z.mat,87.14875033,234.691115,0,0.371275,0.21396,0.244775,0.78604,0.38395,1.19305,2.056,3.37735,4.7375625,1,0.8,87.14875033,98.33018099,20/05/2022
Short_Fractals1&3_Harmer_umd192_2022-05-23T14-24-38-882Z.mat,33.8929431,174.66189,0,0.20256,0.074633333,0.235146667,0.925366667,0.562293333,1.436888889,2.039133333,2.739111111,3.249733333,0.9,0.75,33.8929431,66.2267059,23/05/2022
Short_Fractals1&3_Harmer_TRD136_2022-05-24T09-47-07-947Z.mat,31.2543803,123.6471602,0,0.178233333,0.053094737,0.134588889,0.946905263,0.687177778,1.209315789,1.980833333,3.220947368,4.291,0.95,0.9,31.2543803,51.87975905,24/05/2022
Short_Fractals1&3_Harmer_fencogp046v1_2022-05-24T11-06-06-620Z.mat,46.16569702,64.10568039,0,0.0979,0.07462,0.06505,0.92538,0.83705,0.92385,2.1373,2.7915,4.4104,1,1,46.16569702,42.54521603,24/05/2022
Short_Fractals1&3_Harmer_fencogp044v2_2022-05-25T11-43-51-256Z.mat,55.15089454,127.3029981,0,0.093284211,0.08244,0.116557895,0.91756,0.790157895,0.76755,1.801157895,1.67705,2.766315789,1,0.95,55.15089454,74.08234994,25/05/2022
Short_Fractals1&3_Harmer_fencogp047v1_2022-05-26T10-44-02-717Z.mat,61.50742876,183.0497482,0,0.241621053,0.210933333,0.190778947,0.789066667,0.5676,1.043944444,1.836,2.964388889,3.793,0.9,0.95,61.50742876,63.28849222,26/05/2022
Short_Fractals1&3_Harmer_fencogp045v2_2022-05-30T11-46-04-746Z.mat,33.63131298,149.9483948,0,0.219947368,0.05756,0.098210526,0.94244,0.681842105,0.98195,2.332894737,2.9592,5.539684211,1,0.95,33.63131298,50.06626325,30/05/2022
Short_Fractals1&3_Harmer_fencogp048v1_2022-05-31T12-11-49-206Z.mat,26.74323586,76.59282492,0,0.047663158,0.00476,0.021368421,0.99524,0.930968421,0.86065,1.939842105,2.77195,4.055210526,1,0.95,26.74323586,44.41748057,31/05/2022
Short_Fractals1&3_Harmer_fencogp046v2_2022-06-01T11-30-55-254Z.mat,36.35935129,37.44900907,0,0,0.02421,0.02513,0.97579,0.97487,0.7528,1.31225,2.29645,2.82635,1,1,36.35935129,37.44900907,01/06/2022
Short_Fractals1&3_Harmer_fencogp047v2_2022-06-02T11-32-37-487Z.mat,48.44068846,234.8223077,0,0.298741176,0.20464,0.261976471,0.79536,0.439282353,0.83875,2.508058824,1.9326,3.593529412,1,0.85,48.44068846,63.42474463,02/06/2022
Short_Fractals1&3_Harmer_fencogp049v1_2022-06-06T10-26-05-284Z.mat,52.31297193,138.7605289,0,0.1946,0.12966,0.137433333,0.87034,0.667966667,1.1097,2.927111111,2.7012,5.027777778,1,0.9,52.31297193,57.10204004,06/06/2022
Short_Fractals1&3_Harmer_fencogp048v2_2022-06-07T12-08-08-468Z.mat,28.59869964,74.1649285,0,0.048031579,0.039726316,0.069242105,0.960273684,0.882726316,0.764052632,1.267578947,2.191368421,3.047842105,0.95,0.95,28.59869964,42.79570226,07/06/2022
Short_Fractals1&3_Harmer_fencogp050v1_2022-06-09T10-24-58-471Z.mat,42.04769752,59.13042227,0,0.04788,0.002252632,0.02507,0.997747368,0.92705,0.827578947,1.795,2.447894737,3.94495,0.95,1,42.04769752,58.74222738,09/06/2022
Short_Fractals1&3_Harmer_fencogp051v1_2022-06-10T10-55-15-207Z.mat,40.79119707,196.1921065,0,0.30182,0.17346,0.14955,0.82654,0.54863,1.1155,1.7253,3.1306,3.8167,1,1,40.79119707,38.09153293,10/06/2022
Short_Fractals1&3_Harmer_fencogp052v1_2022-06-11T11-14-46-711Z.mat,52.85614402,71.22646404,0,0.0976,0.04661,0.0579,0.95339,0.8445,1.1335,3.13705,2.2335,4.3435,1,1,52.85614402,65.44587239,11/06/2022
Short_Fractals1&3_Harmer_fencogp049v2_2022-06-13T13-32-33-245Z.mat,78.91704816,113.6779099,0,0.09756,0.060031579,0.04027,0.939968421,0.86217,1.250631579,1.70425,2.207157895,2.98115,0.95,1,78.91704816,79.45021073,13/06/2022
Short_Fractals1&3_Harmer_fencogp053v1_2022-06-14T10-31-19-883Z.mat,32.04714861,108.2601936,0,0.093088889,0.039694737,0.080866667,0.960305263,0.826044444,0.963210526,1.4085,3.477421053,4.305444444,0.95,0.9,32.04714861,65.97963891,14/06/2022
Short_Fractals1&3_Harmer_fencogp054v1_2022-06-15T10-53-29-712Z.mat,13.48845188,50.17093556,0,0.047933333,0.01382,0.063211111,0.98618,0.888855556,1.12175,1.800833333,2.88585,3.371833333,1,0.9,13.48845188,20.73378294,15/06/2022
Short_Fractals1&3_Harmer_umd213_2022-06-15T13-14-02-027Z.mat,65.85106692,194.3534948,0,0.337989474,0.17833,0.190242105,0.82167,0.471768421,1.2676,3.013894737,3.16555,5.428368421,1,0.95,65.85106692,69.94468919,15/06/2022
Short_Fractals1&3_Harmer_fencogp050v2_2022-06-16T11-46-05-547Z.mat,35.43798903,57.47688668,0,0,0.00874,0.02422,0.99126,0.97578,0.94765,1.55455,2.2171,2.97315,1,1,35.43798903,57.47688668,16/06/2022
Short_Fractals1&3_Harmer_fencogp051v2_2022-06-17T10-21-10-193Z.mat,50.63529145,176.8277722,0,0.292442105,0.139978947,0.145168421,0.860021053,0.562389474,1.077526316,2.104894737,2.435526316,4.518052632,0.95,0.95,50.63529145,50.44996545,17/06/2022
Short_Fractals1&3_Harmer_fencogp052v2_2022-06-18T11-28-46-075Z.mat,51.78257347,65.20772093,0,0.05,0.052926316,0.06137,0.947073684,0.88863,0.888631579,2.43555,1.735947368,3.38295,0.95,1,51.78257347,56.15184295,18/06/2022
Short_Fractals1&3_Harmer_fencogp055v1_2022-06-20T11-13-11-163Z.mat,50.81890384,103.5222063,0,0.194355556,0.15147,0.201188889,0.84853,0.604455556,1.00695,1.780333333,2.5592,3.389833333,1,0.9,50.81890384,66.14482178,20/06/2022
Short_Fractals1&3_Harmer_fencogp053v2_2022-06-21T11-06-46-947Z.mat,33.07740947,110.7872779,0,0.1436,0.017422222,0.087011765,0.982577778,0.769388235,0.8295,1.352941176,2.492833333,3.127411765,0.9,0.85,33.07740947,61.62556367,21/06/2022
Short_Fractals1&3_Harmer_trd133_2022-06-21T09-31-41-007Z.mat,57.43583848,329.8400028,0,0.416223529,0.24338,0.318376471,0.75662,0.2654,1.22885,1.829882353,2.11825,2.778764706,1,0.85,57.43583848,74.64365988,21/06/2022
Short_Fractals1&3_Harmer_fencogp054v2_2022-06-22T11-37-09-091Z.mat,22.87314589,85.61116128,0,0.102610526,0.004726316,0.014736842,0.995273684,0.882652632,1.134631579,2.272842105,2.761368421,4.508736842,0.95,0.95,22.87314589,31.53819768,22/06/2022
Short_Fractals1&3_Harmer_umd236_2022-07-01T13-14-41-077Z.mat,33.2890283,253.6466403,0,0.331788889,0.07189,0.233511111,0.92811,0.4347,2.0127,3.304388889,4.47535,6.148666667,1,0.9,33.2890283,84.5413991,01/07/2022
